"structural_identifier","surface_term","reference_count","evaluated_count","counts_match"
"29ff6f7124ec770ec7f191c4aada4e0467e531751aac412df8ea05d3d7b83e35","B","6","5","no"
"e461621737c419bbbbaae11606b1761f1a28ef4c745ce1b9da26b5452cdbadd9","B","9","10","no"
"5f39ec49337a73b2951d03c7d7cdf8570621e92a193fad867eeddd09bda7883c","may","17","15","no"
"1ba95f76e2cf34ac267881521b3dfc912f69006680bfa528044b009753b7fc3c","must","28","29","no"
"35b31d7295fa7e07c4eb02667ac1d47d82eefda28c6f5fcd8f22f72fb32c122e","permitted","4","3","no"
"4a2446c93101b27bd578b448b4a5ee43d1130c78c445b7458c9801f571cce840","required","12","11","no"
"74530aee999815c974f50deb4df165c48902db52ab5021e7f0c996596faecb07","required","4","5","no"
"c889ea6f6a852ed7d2fbf91e62218d52db3e3bdce79a45cf1c10bf2855646f58","right","13","14","no"
"2b3f45b227a5e8a04b56f01f1230a31fb9ef348c3613b279bc95bffc86e375ae","1","21","21","yes"
"0d8e2c9895403e36b15474ed5c3be57bb27af4c5ed29e787bf34916a4c69e397","10","2","2","yes"
"5609cd73f91290da3926b3fd48f96bf4bb4cad5b123a06beffa16bae24179d41","14","1","1","yes"
"ff1381b1205bff1973deced64ae6551d7cac35eadcb850d44fc20d6780c27b8a","160","1","1","yes"
"49ab2b4265d189adf513383c77bf024fe9e97e0d07f7805806084787de979359","164","28","28","yes"
"467c6aab1e643f165697b61fa7d10c0a1f8a1e1c73a2b274931e430a47ce6a19","2","19","19","yes"
"ef35d7089a482dfad37390bdf15e394504c77b6f6010cb22762b0d534a5f7dda","2","1","1","yes"
"1d03c6bf9bade78356997ded2131bc62d1fee2811861653a7b9d70d8fa8461ff","2000","1","1","yes"
"2a48996dfee67a323844f156dedc331f8e3b133fac6c18fe84d723669bb59597","2002","1","1","yes"
"6b6993dbc1012001e07dfc41283dc8aa5e19dd69b0482a632d435f8f0b2b4025","2013","2","2","yes"
"c0835a27ec1392f306e2803fe73d82435beefc37ed00aec9c92e0b2c73dfe8e2","202","1","1","yes"
"71f3c31369339aa944e80993f8c065f900b9db173f605ed39d15efa9fefc7af5","22","1","1","yes"
"db447ff9feafc1d28ab33244b0b391cbf7e5331d590fa134a17169c50a5aa6b8","24","2","2","yes"
"42ddecc87f4e998a086d4eb6d5266ecac290b9193bfb8a21197dadce7c52d417","25","1","1","yes"
"78f6e8453f72c91659f900f4d2e58c483cc9d67b246171c2ffcb478905f666ad","28","1","1","yes"
"6329572cce9aad0d6fbbd61e6c97e358d7f1cb5aed6f36ebee419b82b9345631","290dd-2","3","3","yes"
"a0501a8211eca9ae3b08aee3edaaf61dc0832032cedbb0ae91731e9bfaf61c6c","3","9","9","yes"
"450335414358fa7d7591351f4a3ab47ad0a6e21dffeac3a1cc8469bc332548a0","34266","1","1","yes"
"938f0aaa5be50c18135baa6edfd58f672180106ad0f100a460f31eed4e5f50f8","4","1","1","yes"
"b263cda24c10e929611f2a312252a415f561d96bb539cb89ffdbfc84d6c8143e","4","3","3","yes"
"9e5f1484945e345add4c1807947b63bd68e461d00d0fd2d3be9248b20dae562d","42","10","10","yes"
"8c991bf4148e216fe9de0d17797f13dedefad8da167f336d239bd5d9e27daa08","45","2","2","yes"
"4cdb4c548ef30d285b8d7413425c5974c70e537d10410099d103e09df491e543","5","2","2","yes"
"5e799ad568a37abab17b26691150e60db8a6f6bc5bd7849760a787bcbb1856a5","502","1","1","yes"
"755b51acdeca9045f5f8ed952638e4bf5dcd54e5328d4306ab3eb65d3d93538a","504","3","3","yes"
"9f56c45c4fc7d330cb3eab9d120282fb5c7a19e56e7a3911bc08f1938386ae34","508","2","2","yes"
"5a1d684400f67f0b085b91364c661860dbcd4649fb38ed1bb6977c70b8bda2a0","509","1","1","yes"
"356652b3a1edfd6e915a7f8ad2b5293796686d52d7356beb151262b372868e6a","510","1","1","yes"
"3e0dc9b1d5a3a3da6a263c86396aac3b6a7aaed464a7bd988363e1dd61cbdaa3","512","3","3","yes"
"4eeab061a1bdbedc7818b7176589174957b7649b8322041c3941ee2e28911a6c","514","1","1","yes"
"bea3e537472ae1a4b3858466b1c8b8cf85a1bbae3340a9a77b947cb4872568a8","520","6","6","yes"
"a08e1c7ad1fd1b5a15ed20d3234c0ee761752c8edebcb0a79e837ac73b953a72","522","3","3","yes"
"80e8fdbf6e4937a6cc428135460e7b876ca02319080422f83694f8120425e454","524","1","1","yes"
"cf1f460f34dece044ba06f1c8a56ad92469624de0cc0625c31c421ed56e8d7d4","526","1","1","yes"
"325c8e32ea09fd1731987388731a3347bd02012cfd1b96060b670663947fd93b","528","1","1","yes"
"73fdbad8c1c552e5b938e43a77dcd16cf5c8efb9e072d0d1f99fcbc14ef315c4","530","4","4","yes"
"23900f0059325e0e82c7b492ec944a747b563664ee44f31f7d35462969ad07d5","53270","1","1","yes"
"4e0b49e646828cbd94276564fde320a1586cb5d78cbc71c2ee379b34dc8dfc68","5700","1","1","yes"
"a8103876d0b493e0854273e60c492e610415c41b0ce2cd70d2d31d4a7be82d80","60","1","1","yes"
"25669024661f8890b0c2aacab5b267a3be0a12833c058fdff106eac3a1c7c3eb","65","1","1","yes"
"180c4f09aba776f1b2188b71521e8dc2e9a9bc612d97f82f90571c031f645aca","67","1","1","yes"
"165aeeaa9b9a85c32d968ab034d3ce9111b864772c8f593f38b73b7ed36d1d78","7","1","1","yes"
"1b3322fbd4529c3e48936e8b9222d51d32b92f76399845a4be229fd10e7d393c","717","1","1","yes"
"70a85e621ce38d0db4f34ce60b47dc77111231d0e114d144d48b6444179a6efd","718Dept","1","1","yes"
"af5973f60370475a66e5086a1095a8c273b76589ded4d076d716fba39726d518","719","1","1","yes"
"4902a926f5a7d8906cc63296e7fa2e6823dc17cea3eeeaddc78f43ad3cb0dd5b","720Dept","1","1","yes"
"32f7f97ce9451e41696db60076162c4a05aae2705cdb2f7a71b9af7267f52523","78","2","2","yes"
"8869c16a038af75145e3accb14f6e4abd4ae3cabf9cfb72c0d72ede8d1f5cd83","82802","1","1","yes"
"21175bc04cd1497328a76fe45dfd4a04f1279cfe689b2d427600620cd201825e","ABOUT","1","1","yes"
"3a6d6c2accc93f75ac3aa6c70f1495271917c160a264ce060e525a5829556334","ACCESS","1","1","yes"
"6a2e33d27beceddf4d2651208f20fc9f34975a4de0682a2a3154636d446a97d3","Aug","1","1","yes"
"eb9bfe5b8a31687533e6295d59b2f8f6f8e559021748beb03532306f9413c6c8","Authority","1","1","yes"
"377e9479af431118282405bd7b903a4df4aa6b0a69cb82211bbe5ddd1d8dee3b","C","7","7","yes"
"ecf62312d8d89ae99f667b0d54a475f99c5bdbcc99b666312d002062fbc56fe9","C","2","2","yes"
"77af240765265a8c705ec176d33aaae4912ba1ea26c261d9b471a3b1086fd974","CAN","1","1","yes"
"7d7347bded627efd92f6e95066a45729e2b2abe2f8b68e9749bd6b9e1aaa0f70","CAREFULLY","1","1","yes"
"e82b7a7c49c349fb1e99ae41f289bd9a922a669a994ecbd0ef55c3f5bafc6c22","CFR","9","9","yes"
"a7a161bf491bd2b765429fe9a61c32f97b315d98fb2eb27ee5acfcaae2605bad","Complaints","1","1","yes"
"e613cd6e018f5c0bc81bddbce79d3b1af5e56fb4f2d1f530c7ddb79a9df2874d","Con","1","1","yes"
"bee21f82a2a0d61d18b5cae553a615a9d6c7604b056b36de8a5e99a090e42457","Contact","1","1","yes"
"cca32d71ffefc53ccaf72ab88361629cecf2a39bc8edf5519b9074377d4acdaa","Cov","1","1","yes"
"3d59e29855410a4df52d965ac0cddbcb717e2e974908fb740e63e5918e927518","Covered","1","1","yes"
"b429febab29b13cd4e72ed6dcc431da21e9a4f911ea38c0effaa11695d5dff6b","D","3","3","yes"
"88d80b9d538eb0ca71b1ed6e197cc0ab579a3aad41c79eeb0a2dc1aa4d7ebdc7","DESCRIBES","1","1","yes"
"b9667c22732ab0839aca56a36ffbb37978ef1dbd706883a66ff398d8d7b8494e","DISCLOSED","1","1","yes"
"a989fb6ed6856524988850f9cd62fdd8d4ba082368060dd74fd5c492a3719085","Dec","1","1","yes"
"2cb0ebf63bd85d8a95faa700c0caa3737f037c599f10074e067811b51f77d4de","Dept","1","1","yes"
"8ca40153d1e2647005cfb7336f66eb0bb713b89d42efc82f74b976aa811649ff","Describes","2","2","yes"
"0d3e977745f0945d06daf57a18c5969172674dbaf66bdf1d8643b6524e015dea","Docu","1","1","yes"
"2be3a625e4a9d1d3ef8ab945d933c26bc391ff896e72c194b155ffbd3a716acc","E","2","2","yes"
"7b33df784bad11a67568b8f40596b1999f73d958a4ea3004273af2bafed73731","E","1","1","yes"
"8f73e5c593a6434717f557710855f53ef8adf2a268563fa3d6c1f344b2b98741","Edition","2","2","yes"
"7d59e484097ccacf85afa6d37a05506ccd397634ce121eae5a8e8766b492856f","Effective","1","1","yes"
"3222157039908bc54f9f91a5e3b2540ba0703f68c1d451bd1fc98fca21b62233","Ex","1","1","yes"
"e197acb9153d6e1018c1a726fd53da37bbf96ce4cc7e0ea61083d91080bd44fd","Except","2","2","yes"
"a68695d43545afb8d5d192d7098e6ae8630e7d965d0aad671b5311c7f9182ca9","Exception","2","2","yes"
"3bfe5efd7f7a2628a8e79f0be4ddad98b240d86665ae8e4b6ab86787c8243ebb","Exercise","1","1","yes"
"3ee812a6d2931d37fdb63291be86d98e078cfaf0afa3d593b119d48c89844d6c","F","1","1","yes"
"7e43ccd1f8a80197791a2615e34202a77501468ffcf1abd1fb56ac3c0274df67","F","1","1","yes"
"91ea055e6c230f9efd65b23e7191f4283be7b3c4a397462b70b2b67d85214395","FR","4","4","yes"
"1c20c6bf26a53ffb8693ead4c9e6c2004d0eb963fdc8d110f59880f8517f59ed","G","1","1","yes"
"97aaf8679e38dfd624668095e760e26fdc67c84c94cf4e34d6fa3803cf731c2d","GET","1","1","yes"
"3ec8d3e400cc7142e5a5ac1ae657152cb2b33d90acdd4830e9d0ac97073ceb97","H","1","1","yes"
"ddd317198907591d1f3ea3b221a15c9ac447f778bc61a57e89beae09257dfb6d","HMO","7","7","yes"
"391abe053a2f4f93b12929fbe805e43a569627fab23fc76d640e28b2e92be7f3","HOW","1","1","yes"
"4b0b1f795c204b864e17a2c82673b34fbd2032fca4352b25546d715376e014bd","HOW","1","1","yes"
"4c039176a8e5b602cb14d7ef5679caa4fb11c05ef74a05437a04d85fdb05ef02","Header","1","1","yes"
"67ace6e1dfa10152612199099c475ac6c95ac9121dd9bc3c0e1439ce92feffdf","Health","3","3","yes"
"510d9f653a647c11ce7d963783fdaa32a85d332b9bdd0e5e9dc8f3d6c3e8bca7","Human","3","3","yes"
"e03f7d5ed9b1c6a5982bc64ff54bf9b16b69191d05c54546d22a30a707c39a67","ICAL","1","1","yes"
"2a06ad2dac0ab1b1c4ee54356b12748d65b7065addd3a3b99ab49d7aa7651370","INFORMATION","2","2","yes"
"40b7b91feff1dcfe0fb01f7cbe526cdae6ce98c4143a3309923e683ffc775a06","IT","1","1","yes"
"ba5054cf140a8bf21d708dff1402fc56bd549e6c9ce775aed0b092c20a3a5f82","Identity","1","1","yes"
"3d698d5766b36a9c0fa89a4542b98983e735d0cebb6e642cb91eda709b6aa9c5","If","13","13","yes"
"dd1e786b75735e8256049f96e964d00da05fd5fe2e113606dd7a2537d3800ced","Implementation","4","4","yes"
"f1cba4d42cc712cf57cbbbda907e71fe53119d2c35e67bca47e2113391e2acae","Individual","1","1","yes"
"611a054b9d0a35fa3e2851c3ddab54489ba9e2ccc818b7baea03a891c5ffa3ed","Jan","1","1","yes"
"22c0729026d7648917ad990c97bedeb1401fa444afbf2f7adb9cd2eccbefa628","Joint","1","1","yes"
"de140700c1ac7560774c4da299a795d3002a5c44c501671d7359baf348137762","June","1","1","yes"
"2bf4bc3f8e051cfb72332cee8ad4ab65d1b56d4c787905516262479440280fb6","MAY","1","1","yes"
"b19af3972bd763e5d01209b2c178ae39fd3a1c3bea2da08eca93d8822885b68e","MED","1","1","yes"
"339e7af09f7207241f5220f072f20947f4b60275b19e7cefe6ee86a3d4c95f05","Maintain","1","1","yes"
"9ac0ac5c362d63e428974d6c1d6a5238465dd073457955fdf268ca72f8fe2d0c","NOTICE","1","1","yes"
"5c09bf92ebb78e0a61d3a9348263d6181cac23b2ac4782bae0ebe8cd27d1b72e","Notice","3","3","yes"
"3e5c9e04fb15f3f84c447029537f84f123e8199d7253bb584936b7d26938fd64","Optional","1","1","yes"
"7ff68353c114447705ae664c2726fbd8f86e94fdaede0bbbfa732b2cf2a6fbb1","PLEASE","1","1","yes"
"a3e4923ce6956bf99f53fb74d9d070d7e12d345eabd42c8fcdfdac72433f08f8","Post","1","1","yes"
"446f0396ca09e233692bd9deb33c582faf660d1fa67ea20a681dc2cc5ac3f384","Pro","1","1","yes"
"b27cd224d45194d7327fb8923074325c4166e60329e4077bd3309b5cef9288c9","Provide","2","2","yes"
"ceb26af254875dae8c6536fbd6d3aa59ac9229d686f11011c6fd31909656aed7","Provision","2","2","yes"
"255e04cd344e82ecbff8a093ff435d07736d895ecb81a6232fc42239e9a92317","REVIEW","1","1","yes"
"f70329aacfe777117fa1912b6f732ff59cee9648b1b81f9ca809c859b8400258","Required","1","1","yes"
"2cee371e4295a8fd76ae1acb782999760f973b4bae3e91f0ee9a01b45b753e30","Revisions","1","1","yes"
"09258ee5ebc8313ae8a342959c4cd5a6ab99038655e76986da5025c5a42e3004","Right","1","1","yes"
"0cb081b8661c265961853fc9f05cf38ebbb24bc8e01f7662b686e5f1118868a6","S","3","3","yes"
"63933e5efdaaeb922dac84713722a559214d20bc500ee53a2b3259ba4b629329","Secretary","1","1","yes"
"e3cfa24b8796f368b191a915f93f64e4f8f211d12c4e4bdf55ce1aa7cb64e101","Separate","1","1","yes"
"522b6c0dea8f8d4cce1b95a6ac0faaed7496bfff694dacef8ec97cae63246e5d","Services","3","3","yes"
"28d3b677a692ce8d1a464dcf5ea807f65775b2e2e2d156ec0def53729c9a0ae0","Specific","3","3","yes"
"7bb062381868ab009404bc66dc6336080175ab7a1c85e39c5721e0e332edc369","Standard","1","1","yes"
"d676b3e58118f58909e37db4f2a2f0abfe95531d1c09bc98b07dbf94ea5382e9","Substance","1","1","yes"
"04f99c3787f70042e3a0c8ef3d03bd064f2914c7391a40f17c5d88252701f0ed","Subtitle","2","2","yes"
"d20633ac143a5fb4418626d5ef47f121a46588ef268b512f22eeac31334c49c5","Thereafter","1","1","yes"
"33edef64423faae5c3d69dff113232e2c017026cc28e3fb8cfb8e4a2d91fb0a1","U","3","3","yes"
"b2d7251e879dbf7c49240b1acf7c66e5615596b9f3d932ad703ee5ed3171f1c1","USED","1","1","yes"
"0f52f361b9405249736f332ff10cc637e59a31616270e14e5ad1b536ca458b9b","Uses","1","1","yes"
"531e244b22cffd2b9ec7ed0c3fd5f509fa4174cac1545fcf6aabc4f5694e9dcb","Whenever","1","1","yes"
"491d95c9016ccd39244e3b3445d782ae8ff3bc50e41c011b2710a9a72e6c0a30","YOU","2","2","yes"
"f8bd7c0f3133ec360d8729ed09a09838039e4d955c223bede5b7fc3592c1e388","abide","2","2","yes"
"c5bf86d74ff440255f2b2195c73277e6df26770f51622fa3a62e2777cf90663d","able","2","2","yes"
"c7f26084093b438550f366413272c0078a3c3419fd7339545f0c937ce64b9d26","about","3","3","yes"
"ded85d06b8ae8bdfa1d8ceccc1d2e8597cd7b913e6f90bf6b613ad8f8a767d87","ac","1","1","yes"
"7b93c4a5ab5208464d50ef23feac09d9817d0c6cedf06d1ca97888d6a5d3f2ca","accompanied","1","1","yes"
"9e4db17c0199c9d07292eaa966f2a508cf4c5cc224893033bd40e49c296ddd61","accordance","11","11","yes"
"374403a9962d009df3d3276b30f4b4f543e6d5b797a473c778f60f7fcebfaea3","account","1","1","yes"
"73bbc3f833b7d3bc7f4c9789c247a998fd47bf73f3f5cb224c35bafd4a680062","acknowledg","1","1","yes"
"e53c03d0af8709ba2e082cc2ef9f8a519e42a44c1703c9ad71e3adc5c01d1d05","acknowledgment","2","2","yes"
"8cfb1ed06b9910c55a22d9698724892d511dff4e63f1383ac3a7a308006e19f6","acknowledgments","1","1","yes"
"0b56ffcca9843b56188773297a00e75aef8ac4374db1c5fdd42b552ee2a5a5ac","acting","5","5","yes"
"56c08e5bf258d14c67ee1413ff48bb34d6b7f603bd4304c75bbaf78a5d166ab0","activities","2","2","yes"
"06f2377639044722bd576867a4f0ff7d71a861e2bd5d2a277a49c93d4dfe3f16","acts","1","1","yes"
"9f43a954ddbb49adea5b11529d9f4a5329924b3695e59a0ad2a45de2ab34e96b","addition","2","2","yes"
"0c0a0bc920f3d69b7adab5ba2e56c9627f8c824109e486c05599403f2597d6e3","adequate","3","3","yes"
"1f5247f0355341d911ec89665b40785c5362f6ffaecaffc5af456da82c664eba","administrative","1","1","yes"
"d6353ce1137f23620023dc3f36bcb8b9aa99c5686ad0fde41a2fbd2a28b82ff5","administrative","1","1","yes"
"1b362f6add60d6aae6644e414cf7fe0a044c8144f65e38f41ce18ec5e109bce0","affected","1","1","yes"
"b43ff360e5291eb3a0332a254b4ed454c21fb87bdf5a90c707d3843b293d5334","affecting","1","1","yes"
"45f993debbb23032e0f5bd2d84720656417da6ddd4915da6da91a9e359c4a95e","after","3","3","yes"
"4a1947ee1b973a61cdef99019c234c529d1c640667179408590f23e1ffab80ee","after","1","1","yes"
"ef23aa0bc4a31a3c7785b35db2d70655d345f8d42c1003db69d30fd1cec7a875","against","2","2","yes"
"933ce3fc6a12672e2c31e3c41d2f80a6e572e3fcdd7ba152cc9e5ab1912ab017","agency","2","2","yes"
"ad9cfea801a98c8a454d7e4fe4ab0f6b9d67e8f111e748183a07be3d774d20f7","agree","2","2","yes"
"811608c6c179815484129af2ad4d4759278aaefc7fbbc7abb143dfb4bb9ef52f","agreed","1","1","yes"
"a9a671a9e1bcc8c812c24e8cea63746d5f191962351658f0dea76b7d8b519df3","agreement","1","1","yes"
"8dbb43bcb46fc2f56a7fe7d3a750bff4753ff80ed669b64d006a0acf1ba37722","agrees","1","1","yes"
"5995730d1bfc99deceacfd4d74dd16108598908803729ce8c79f44768594a49c","all","2","2","yes"
"0a29fbd082e983b446de985acad4d399335071f8bf3d339b72d3ba3e4edf9250","also","1","1","yes"
"687eb90a6e4c9a76c33de9d84b6191e2ca4d765f0cf14cfa66419288fdbec295","altered","1","1","yes"
"714849c8a5cb6c42a11eea7d801970c5c34c7990da84ddca90a9f3ad83b4cab4","amend","1","1","yes"
"dd2915442d17cd28f1b1b478a2f3deeb92a38e6d5741b864f799b3835dd5c2ac","amended","1","1","yes"
"9a6d33ab5caaa7ea2871026af6f1a5bad22803f9f7c7ac59564a7893a748e2bd","ance","5","5","yes"
"c8eb1dd118c7deeae47183396d1f1c4d75d84b15541f04eb307cf2d81ccaf9b2","annual","1","1","yes"
"fc680d5c26bf54043010f26becd29c547bf984ed1eaba4feba9c7bb1f1e015fb","any","13","13","yes"
"7e38465acbb364251aeff7e2e5fccefd504bdd5b0e6e21f1aa446fdfdbc969ab","ap","2","2","yes"
"575d457679401d2a2d83c9d540a62948932800489a2133d55da74f2ab8042f43","applicable","8","8","yes"
"7ab2025f8c6ef9096001cd87d7d3917b43b5ee4bd53434e9e426470513510276","applies","1","1","yes"
"6981a65fc574ebeb946d02046d1bef8d451612666ad1692a0094dba86390bf19","apply","3","3","yes"
"8bb1149028073f959743162122fc1a0a9643b4722f07cc93868d8303991f7ce8","apply","2","2","yes"
"d8fc4644ef0280ecc2db6a5d82b4c26292b7c69d86f726aab28fe62820bb8064","appropriate","2","2","yes"
"b7fd764c6541998836687c19c6999ef2221324527411740b4395f6d93d10a72e","appropriately","1","1","yes"
"76063476fa49d1c95ce814354cc75a39d08f3d02395b8cfb11fc258ce9050997","ar","1","1","yes"
"add7af45efae0097fcd904ddc0243f6895a8802a48879ed6165083a0839dd958","arrange","1","1","yes"
"1104f99ab9ea969651ab15924bfd0caec43d598cbba0471f7cf01c1b1abd559c","arrangement","3","3","yes"
"e9a598762679a94f1d6aa0325377e4330ea8ab47937171dd30638b852efbe70a","arrangements","1","1","yes"
"0ef0c46af61c491e0f4bfdca803bd13d492e5dc4089513720f8a9f58def0255f","ate","1","1","yes"
"921ff28faa28a6b313360553bd7a4c2f9227f4bb8bc7fab9700345be745cb259","ating","1","1","yes"
"7a9f94ebcc35696bb660c04153dac1ccd67a16fec9255cca5937b0c689652d02","ations","1","1","yes"
"8227fa2b824d1be96d05869623933a95e1355136e64d4908b653e77bb88e2e06","attestation","1","1","yes"
"4acb67fd2584ee680fafc3c8b362483d64fa2ac9fe95c0b1fc57ef8ed7a35c88","au","1","1","yes"
"181678a69b4979b5a4e216db96606bf319890420c25683ff479d450382635c3b","author","2","2","yes"
"2b5587896bd9dd74764913596c79cabc6e1b767e8b425d8bd8ac37b2e95d6b5c","authority","4","4","yes"
"35b58781a0b90d9a91ff677ac8046d1d6730d211e23a33fc1a4ee8755103873c","authorization","2","2","yes"
"c7498b7aed6f69d137006f0f439e469287b4b0a02dab979e363bb6bf3ab57f5e","authorizing","1","1","yes"
"2e73c4069c6c32e948a5af1e435c059cf98b6b660dc84ff9fda6264f9700a6c0","automatically","1","1","yes"
"915cf149cd24ba25d4a29af9aaa05f7ab414930240ac92117105e1d6972862dd","availability","1","1","yes"
"21acfefcf61ab155fb4ae264fd559765aed138467589aaff0d1c9f7256ed0855","available","4","4","yes"
"9ff93a77332fd471be517369b8e75fd29e89499dfbae71069b1b0867cd503f92","b","9","9","yes"
"c5885aee65b10fe2a454df79c8c165b6a7a3beca02c6a3b4d299c40f50967a05","badge","1","1","yes"
"dc7ced6596d21f9e5300e99712a5e188e1f7d149def54ff7499a811e6038020d","based","1","1","yes"
"122107febb541c83a136c9ed0a3bda7919629298ca17bdeec76ab82b8d6643e9","before","1","1","yes"
"4afc22b7496cc1d46c2f0ae6d3b83ff1c7db3d0efbcf321bd47538ae2d2b7110","behalf","3","3","yes"
"cc0f14edf935a50afe654c285c5718005ff411d49834e679de49827b63e04ce1","belief","1","1","yes"
"919731cf86e3432a4823710c9f2773374f311bbfd2a8763fdd9c3a3c287bd53d","believe","1","1","yes"
"dc7f0e7d5bc27e1501c4f53e32d4c2c4d47474ef96984a0a2074df694b003b87","benefit","1","1","yes"
"03c61080c47c9e4458b90e70b60811e6b009f7b6301f6e9f02d7b37747b7500f","benefits","1","1","yes"
"e92768cd082f9a1a4232a74dc54297abd8c8be59d7ec0a2220bcd46ae9038149","benefits","4","4","yes"
"6b489f3fe2bab346c4a681154ff5db58eec185ae2ace94ea4521d18de2045258","bition","1","1","yes"
"bef32255a646c0434ddab9b8eabea74e43b02c98071e84a77a1c8a8c1136f76d","breach","1","1","yes"
"5ea6b9f820ee266df5333d3ab8da45ad58cea44c20f98b42eb52c4cb852b7b32","brief","1","1","yes"
"7e8dd73aaf146f79f83a67c82d8460890f0603c5bb5546e68fb3e4a10f59c820","brief","1","1","yes"
"6a6858f63c9c67cac339fd2097361dfe8c61b13c48392d4c76c613f8f564b3a7","bunal","1","1","yes"
"82cee7d11f22d90947c512e7b15b718f0ee39b5f937050aebfa8d2433a0d48d4","c","17","17","yes"
"1fba89dfe8a0381306e90fb81d45d8de18030701d9d59e76eea125f6aea41c02","care","15","15","yes"
"1a2870fcaf9864a25bb43a31218a0bcf26068e691bdfc69694aeb72263e8a8ca","carry","1","1","yes"
"6ca466d14d740fb77a61ab0259d2e51cffa8f1981f78a924bdbb600f7ba6da9c","case","1","1","yes"
"b852e87d41e043a87471d6df55e1a6f80af445b42ff0ac0157b337ee784ccc5d","ceedings","1","1","yes"
"abf8bbb70a9a1bf3847c41c71f3ea07323af393b50b79e6ce0c4566e6a414aa6","ceive","1","1","yes"
"934791bf52ba7d0c11b6da59230f95a728400c2022ad9191eac82b24d4f4317b","cept","2","2","yes"
"238f9e27f554eefe424c2dcf13bee26b0ab15fa43702d072efb52df8665bb60c","certain","3","3","yes"
"86657d7a93c2c485b5b78683dee3ea27188851fb24003e5bc3e1cef3523977fd","change","11","11","yes"
"8a7c04e1f673d235bfa6eca6dff12e42f84d24f9880aaa0c29d5510c06adacc9","chapter","1","1","yes"
"09d9a3a5f5a3c768a31d2fbcc965f1c794ebc0f6fa4651623397b7a453622c85","cir","1","1","yes"
"24e05bcc15eefc5258ae4b6fc42c5cc260ab24fe14decc8dcc369c4a401b0a69","circumstances","1","1","yes"
"4be02c214d84b9fa67ded9f9734e840eac2477b6b6d9edfcc12aab2b441eccc6","civil","1","1","yes"
"45ffc13916b918fbf53096f3568a220e7e4217148acf08bcc9d61becb6cfda88","class","1","1","yes"
"1e19784624a9541071a4a42b9897aea925c2154fd184825b5cb9f465ca2b6b79","classes","1","1","yes"
"768de74fb9400bf8e615485bcd00418c3e7a1c950254a273396ac2140c31ca91","clear","2","2","yes"
"c8eb860fad2c996f22c3a7354c2d12ec89222e87faa360ec184de89ba32bbe81","communica","2","2","yes"
"6d3851574819d629bf2353de5b96e4035fc04eb2bc808ac538270e589c4b5e15","communications","1","1","yes"
"b925c047923a4911aa3636ddcca752845f5573f8ec22c33978a33eb2142dcf16","compelling","1","1","yes"
"e088de6d5efb8ecc8e661d039273eeeffb6f9853e32f752c141246fc0891b100","complain","1","1","yes"
"bba387196799dd52ffe5b205a3acc511d19ab271775adffce423edea97c4d184","complaint","2","2","yes"
"de52d8586395acf687b4cb6be1eeb3e5c78803dc2d3893b66bea353842c4fa95","compliance","3","3","yes"
"83b796c8153cadde9d84ab0183f11b59963694130469bbfd850a34908be73bd7","comply","2","2","yes"
"5870abff4f0d009e1f4f033a756010d36c15514c53573a4912cbc159a8ea6c71","con","2","2","yes"
"ec9764da1c52ccc46807e5598cd45fbc11f79be0bca33d3c4e61ff7f0c24192f","confidential","1","1","yes"
"dde8705267ad551a494ab669763a69047b5f628bd200690b3f5cefcba22429af","consent","1","1","yes"
"4c22d2bf7b23a03e5cba5cea5bc7370001ef711d14237b951466ead5d7cfc438","conspicuous","1","1","yes"
"2a0663a58b0d4b9bb978f0d73227839bc94f526c930da70c0cb92c58afc661c2","constitute","1","1","yes"
"8c33c8d094f3285dfa9bd2d67b784968a9b91524c38f3a5842c73caf91430b4e","construed","1","1","yes"
"e28d090843c1924faf7950b3ed43a6be77c3c8c27d3b10b5c008536764159f86","contact","2","2","yes"
"5148ec4a1efbb5f8f09a9cdb670dd9f2b49e61d9b4ed749f2721976250f60943","contain","5","5","yes"
"b939b11c7290b36131ad6af0844879b60f02ac3befa03ce7e1931b8c39b56bd5","contains","1","1","yes"
"5d5e6e24650b5e0471bf641a4ebe3ff0172d2d9584ac827f2faf02840cb8263d","contempora","1","1","yes"
"beb6f33aad3ba7c5bee7ec936964172a3f69d10d3b232b6b6b95cb58f72214c9","content","1","1","yes"
"5161a971d26dea4527d08031a28d166a6b32e30aaa4b6ff00506ad35bbeecbcf","contract","4","4","yes"
"ce09c996af6eb8acdb6d2527729ff86b2807e88b5672636e415636d9b6eef4f4","copies","1","1","yes"
"1601ec77f6fff660c74a58c5d387459e77f1863fa317c61bc6ae12e82b255ce1","copy","3","3","yes"
"1a5da3ac30df52b3e65fca9c83d238e9f96d0d195ebc37885de4c0aca3ae6f3c","copy","1","1","yes"
"03880214f6afae13191e10f94fe80441b3384517a01fabf842b0b5264ae2b9ab","cordance","1","1","yes"
"42a61e0170c91fc7132b3865866dd4db43355ef5f5ddd7c4c80584fbbe9ac5d0","correc","1","1","yes"
"0d8cf513c3cee458d290e24372dfcb7d9a4e1fbee55d667e4b1ef0d07234484a","court","1","1","yes"
"469ab4f6c988db366e73f64a00db4fb36b5915dc1105eb9c80ae9a0d78110b77","court","1","1","yes"
"33d117bc6b009f29fb164cdd60719e5fa58a01f461dd24b6ed64aa308e211b64","cov","5","5","yes"
"936d597c64c9528b1fcbad2b404b258c04845a3de3f3121cc6d6925681287578","coverage","1","1","yes"
"3189c202e0929f7848068b6162b56edabddd116dc87387886cf2992fa8eb79ce","covered","2","2","yes"
"5e2efaaaa9c674d2f85ee82cf4ae2cc90876318f8513b277f607dfd237353451","covered","55","55","yes"
"b166e61388281790c9e5451fe0b4d8b623ff14b0402e74f1c5d6c15462b5412f","covers","1","1","yes"
"9ab7a1af702875e1c1c3eb8f54b20549cd989c3af325061de2306cf639599486","cre","1","1","yes"
"9d88fca309d21fb5e5887c14640ad112db026ec70762c7cf993dcb4833461a6f","cre","1","1","yes"
"83db134429643f956f4be5147d7bd165220d7b35007e2518dc5159718986a7a4","created","3","3","yes"
"2bfa7c93d3a50cdc945eb9e9bfb820c75d9302ff7513e02674b9700bdb968981","creates","1","1","yes"
"d77b1ce9d891cd03087ba37025d06e5074a6a9d6feaefa8b00afe33a3a53d027","creates","1","1","yes"
"86c4fcd111a56a4f61f1550bf8c2924b2012948a2377527a7c28b3fd2456be31","creating","1","1","yes"
"928c029ef68a40c938ecd30324e0197e0763b121cd5e7d96edb6e2779de5a82c","credentials","1","1","yes"
"e8235cffac2b0158bc0d4d4f703a46faa7b2b37eba0cd1847e49778e61e9147b","criminal","1","1","yes"
"670680d5259e5bbfe2a11bab9dd19da1407a97cd1c7d17af313d410a531c63a5","cumstances","1","1","yes"
"9b6bf8d811bec2a349e2dd93d1a70b92476eb195fabdac8a07665ed3adfc0296","currently","1","1","yes"
"f04fae4ceddf08784a5523f37150eab667dacc021ac22d7acbcb690c2d67acc8","cus","1","1","yes"
"8ded266eebb3b3445a5cfc997347e80a0fdf6a960b5b6b08aba7a767079b67e2","d","2","2","yes"
"4e8b0586b937b602e964e226b8e4fc5c1c2de030ce55226ba198c184dccbb689","date","9","9","yes"
"0103cb456218400e3ca521ca8b3b137a1eae5c9013d8966addaffb5dbaf2c88b","dated","1","1","yes"
"0b8ed97eb739d181d7ec620bb16e22da693f74a1290b25890b25582ca02e469f","days","1","1","yes"
"0f452af7ee218469d1602cfaea220865b58fd77e6d83b42362d2419a59dcc79e","de","4","4","yes"
"ffd55a9d590c163d999ef5fd9bfb5b897d6e690fe84d0c0fc4fa9acd46608879","defined","3","3","yes"
"ffa60766c5a2acb400b55da01fc39621f2622b5f5fbb4ede0e6729caa4bc9b84","definition","1","1","yes"
"cd939202ab75835bb2496cce062ef9a5b655a81c5843574c36777f9d883c76e4","deliv","1","1","yes"
"aa7315b1e3320c6a9a5a2361101af8129e57cf7153ecc613da0e04738ec8a182","delivery","5","5","yes"
"6582b0baa0e81cde72735aaafd81fec2d8fe1544275374d632e7515b9c413414","dependents","1","1","yes"
"5d5992c1b3aa017d7e1af91e9fd7e3fe225fa1d908c2933a424bcde1036ca796","derwriting","1","1","yes"
"9158a3bf1c0a6e398f90f15533a5e05b7121afc5d7bf4efe223d7af5ebc99f08","describe","1","1","yes"
"15fff3bb44c64d4f1acf6ca66055aad8ed5443fc0d668c8a01d74fa6ddbf0fea","described","1","1","yes"
"8812276ddb2f141404dd4a110274e8c083d996c3e47c4599607c72dbc7905015","described","2","2","yes"
"828856a7419707c30b5f1b5bf24b122a0c5d11cd8289f0fb1f9b157ccd7572dd","description","10","10","yes"
"970b8142fe54f8c8dbc974cef0a2a09b2b32083db895b0a239e8abe4fde31d05","detail","2","2","yes"
"61fff89dc55f711dc0d8680d0e6757a512a1945a8cff20deb99861f2e3ec46a8","direct","1","1","yes"
"7c3cc2fc8d043d33a73fbebced0e6a47553f404ef2c4307b9508096514b6c220","dis","1","1","yes"
"472232795deca8fce178b9e164cb8a5586abf47dbcac64b4876bb66aad0bd69b","disclo","5","5","yes"
"44915ffbb08e4ea356822d033391997655b174615cca49ea4f122a9cc63651d0","disclose","3","3","yes"
"abadc69aed9d64fbf31b1c8b21a12268ce7100f5800c17fdb9c9db5ba428e1cc","disclose","1","1","yes"
"0fa4dd965e66aadd4912cd76d20dd999bc8e56a0505fe8a99301f261de44a274","disclosed","1","1","yes"
"3653d8a16ce048bb91b2bc1b3a097f06ce61a4d09955ab8d865e1925e12ef397","disclosed","2","2","yes"
"57c0046d81adb8057c0da0680d57e686bd2eaa30a7706b261ade8d694adbae30","disclosing","1","1","yes"
"6e898e7cc3fe6a560ed85c62ea1faef4d78c70508a1ef50485f5275d34bad22d","disclosure","6","6","yes"
"d983af1f1f776b1ecbb09be3660531d74dbf77f74df66a94b436b990da486602","disclosure","4","4","yes"
"19be37e433f2d9df96080d69cbe7b6ac94838d81abb8d57788f1b06f9ce87d4d","disclosures","1","1","yes"
"344424e1e43817abd7d6f9187bdce09019f305dc02d22345b23e6b18b153c616","disclosures","11","11","yes"
"1aa7ada2dc704be644253d9f58cd6d67d6555cbb5abd0070912e72bb24f0f31a","disenrolled","2","2","yes"
"f127c7727bd2ced02f71bc372d97551bdb8961f836176100191186587e2b94ce","disorder","1","1","yes"
"d906be7773a5b6f1c284ccd3c7a27466d0cb371ca4e1c142e386cdba332fa7d8","displayed","1","1","yes"
"2a92e83d20b60f288d30cbf0cfc8432b5e887351519dba09d702b7122c31912a","dividual","1","1","yes"
"dfd592644ba2c24b5a7bdad8f821171515f7f23f100483c19758c2930e0cf326","dividuals","1","1","yes"
"73451d4a3955103391c3c29a8a47d7f17aa00cbbcad22cf7cda4c22d48d4a45a","docu","1","1","yes"
"5e3ec7f5ff7cf06c66c0bf431de3856edd36f6b4f39044a345b4027d939ac8e4","document","1","1","yes"
"70d29c2c222623dc037943c4ab70302fb397b0d9e3c1d51c32bccf1bcb3a01f8","documenta","1","1","yes"
"8afa31433ae1e872eae26a6d9b38f840bc0eb0e12e71f3481063a7133da6abd6","documentation","1","1","yes"
"1803461b3b83ff29416304bb4e08b75c148fc8852920b2e090725e3de2f0b6cc","duties","5","5","yes"
"29463aa3fd943d474b5dcfdfef25b6fe6b114ab5b55a82ee0cdf52af2fabda64","duties","1","1","yes"
"18568cd7d9ec9d47f598af4a658b153e8cf65804ec0779752f1c3fbb88dc7828","e","2","2","yes"
"2a0bb858e3c6d124157ea3e6f300313297f680d6a0a0d4b05704fc2d7174c85d","e-mail","1","1","yes"
"40b2f3d52268f631046a4a8263ba2ef3cd927259809c980f68bdf18716891c04","each","5","5","yes"
"175d33dfb32720a0e323c22db2bd89cdbbc4e600af28f5b82245c227bdff7f05","earlier","1","1","yes"
"4119b9eef1ee346674a6a8d2acd28d916f193ec5011fe48c8da98695677234df","ef","2","2","yes"
"8c4b69992360ab897915c19abe2ca4c07477056bb71aa06ee8194a57c0f7e28f","effec","1","1","yes"
"f34a7445abc1987d26ce22c231650fc559ede704973b37dce37a638d25b85231","effect","2","2","yes"
"b6e6a8197a3586cb1bcbd6e6b9d0489a11e3b5662ac623b25afacfe1c05e2b79","effective","2","2","yes"
"24b04fd097ecb419c84fbafc58ee58f3a0eea3135f9fadc304d0983fe2718e2a","efforts","2","2","yes"
"706920cae28d3ef28a709edb187384c7fb3dfddc3f7f81637876e08ecfcbb9be","elec","1","1","yes"
"b3de2f5ce5c52082447c9ac9ed2091fcf6f9517d2002ac06147a5bcc63f60d21","elect","1","1","yes"
"927fffce0ea2b3e3c6d5ef932ce4030c365ed260da28abbc4031b3d54f6b1182","electronic","6","6","yes"
"5e6d809b342fe32f6aa36df6185080f9ea79b30d0bbc0556abf45d171f93c460","electronically","3","3","yes"
"bddf4fe1c4793aa41f497a370e5995d7572b20414f40b9020ec13699a9e43289","elects","1","1","yes"
"fc2da1a33f272e4dfd6258ff2f8e8c5c29e8c0469c0bb8ad58b7570beb13fd20","elements","3","3","yes"
"b0a1c8fd89c570defa47d43a7741e6a60755d4b109c0f2f3f69091f30474c50a","emergency","3","3","yes"
"6a0579cc97d6ca8ea9e826b83a2184a7799c9353c79c647d70af5e9d1ddb35d8","en","4","4","yes"
"694b4aaf261b554527ba0f08ff10997c9a7d4af78e14e1dfeaf3ed6e1c432684","engage","1","1","yes"
"33a08dc51d7df1c624e4e3e24ecc664584f38de8f9ed8971ed757bf771eff6a3","enroll","1","1","yes"
"39726fc135dc024ec317a245dedbace45e5430d6009f8e36510692fcdd88b147","enrolled","2","2","yes"
"faa5ff5bcaa9c7e20e1f6363a6849ddc42bcaa5fbc37fde6c162aca79ed7cd46","enrolled","1","1","yes"
"0f5f83ecb3007fd2cbfc9fdd165ac5a6f79e6e162fcc7e4c59e42544d4e64e8c","ent","1","1","yes"
"8ec35d9ca917ba91cca7a21752fdf6084c1f0474700fb1e9c7b864649014bd3a","enti","3","3","yes"
"2205e868c2855efad047c519512b942f22ae0dfbaace7d77cf178fc3103643cc","entities","10","10","yes"
"5d44429fe9a2375b414cbd4bc2a5e947d4bb3226b726ec313c7fd5994b64f50a","entity","39","39","yes"
"87c2ac3bb3a46da24e1b8e3db6c010a2c512626fc53c21f7950e359f2aee828b","ered","7","7","yes"
"8503c190a605de572bec2e61733bceec17452a43714791efdeeebb3f7ebf397d","ernment","1","1","yes"
"b3441546b10134195a40c3b8a08c67b88fb6213551b19020b2c9310071680f20","establishes","1","1","yes"
"4322c5a500369f3755bc3e15d27faa746af4a9a78d126dad318aff1360b1c613","evant","1","1","yes"
"ee6a817854771f6fb8ba8a2b6e8a4b6fcc9084f3060809e8951ed80cab5ad519","every","1","1","yes"
"f4d7b1ea894c2a249a15001b946172cc75166d38e9d66d803655c92d417a40a6","evidence","1","1","yes"
"54695159a5f908f3c5e937450dae8c14a56a9fa65fe3e100c33aaba5fba2168b","ex","1","1","yes"
"96dfbf9d28bda7b36d3991ee6c37b23041a6b796070d266c1bd304326104f41e","example","3","3","yes"
"0d9c5fef68017c0d4a055bbdd6c6d7ef184844f945b89b440672a9d9bdcf9aa3","except","1","1","yes"
"b756ba80aee5dffc817498a0853e7c644ff63a1f959050f8b585cc75ddc98f87","excluding","1","1","yes"
"6cf4a1aad1933c635f887e32eff28d5a477f4f6ed9c8bbc20af604aa62113952","exercise","2","2","yes"
"53b8c97cfdbfa4a9eb9760a4cbd6d5eb3d6deb2caf5657eb54b4499a6ea1762f","expect","1","1","yes"
"71b9e40da7ecf3e75305bb2cfd75d2443c72a0562087132bcecfabafb4a55a15","extent","1","1","yes"
"8cd64424958a5cb14f0a4d79802719b2f02228bcfc89ce76d3bb1b179a50770c","f","2","2","yes"
"df1146cdf553a43fc8b01ab1a02bbc6c76d1748594f43157d4ff2905fb600142","fact","1","1","yes"
"a402ae37fd4088cc73ad6fee86356b184faa6353af9e4011c5138d71cdf2715f","failed","1","1","yes"
"7d25b7080bd938656fb1de4b39524f312464b90f384c0603728b6b0560767c74","faith","4","4","yes"
"7738824dd0f5e15b9c032a7e97864e64c5805107c1734c55567a07870e6f543f","falling","1","1","yes"
"0626da797e5903c6f40cf92722c9317cc23d756e9c71185c4656ae2ecb583d4a","fective","1","1","yes"
"b07fcd3f0d2ea50e4528d16e5677cb19e8ac0c7b3ccba4fbb0818169d97c7195","fications","1","1","yes"
"6a878cd35b41f195a7d1a4e3245f981b73bec7381cfaf2ca5e9e38cafce01933","ficity","2","2","yes"
"dc6bfeff940d7663e88fb0f542eb52509a5db6b2d88441050a271621097817f0","file","1","1","yes"
"5ab8be27ec72059cf0d7e375d188f6291725ae14ce48a3274ced2c51363ee859","filing","1","1","yes"
"02c492e7c0c9d37408bfee1ce3fb1823c224ee77989badbadc4ed9822a3e031f","first","5","5","yes"
"1cd2d33325540bac2df6fc44177d34bfb88f6c90f119752f7c66d23589c1df96","fol","1","1","yes"
"e980aeab243b41ac55bfd0361541d1b7a6da69df7b905a72ab546f33b391a292","following","5","5","yes"
"5b618883c415d04057bb4fe46f9f75282f8777483b1af5a4654b032c8f8606cc","follows","1","1","yes"
"c12857bf20d363e6edb350142794354dfb6994987ada3302eadebc2b0630e8e0","formation","3","3","yes"
"fdd1544955fd4fdc2434b22a94319c43f4e68501ce10506bacf0f87ca18f0baf","fort","1","1","yes"
"df3d2d02ee4e08956bd510708bdd1e5c973d7e629922f9a05335c7614269967a","frequently","1","1","yes"
"40ec70cec13fbb13b17e820eca223705035de911baa170d8b0ea183e14df6cde","fundraising","2","2","yes"
"505448d07bd9097f3a2cd16deba4b81a2fd3c7107bb8ad9806a06667501a6ad2","funds","1","1","yes"
"b4af000893ec365c4ea1b3b4dea0611e46b8595c24e5a826b221442089ed296b","further","1","1","yes"
"67efa9090a298146c63b1ad6da8b07b2bd17468d1b20c716b98f87d3a5c6fdbd","genetic","1","1","yes"
"6986c2ba63d38032b81c11d446373b9e02e347e0a19cf9af1dbc17c0e248e8ed","good","4","4","yes"
"a0a97aa8a60eec952b26de1799503af81f945caf115a1c25b25354c183d2cb31","gov","1","1","yes"
"a45c4640670e417a54519b7999caa858effb156c2500ec8f849ff16cbbd6ecb3","govern","1","1","yes"
"f2c9695454cb663f84845745f092e147c97c1d74161b25c3d5a5f16fa5d207bf","government","2","2","yes"
"f3aadcbdaf202645c6d56f4f809e7a41355edae074933391d9789461917c7377","grand","1","1","yes"
"aadf299019c4905aab45eeb2e16102950edf92a66674c5c03ee705a9e3e59b76","graph","2","2","yes"
"0360679602ee8b1da1885eb5850f89e1f5bb246a7d152a994dd412cbf8122ad0","graphs","1","1","yes"
"b6d2b42a7a8d1dcb97126cba739fa3de8b1534dfaef4188cd2cd8337b02837c4","group","13","13","yes"
"cc1991b0f5e9d3af8a1945bbedde37681c1629d18d49b6aefc550337f9a3f7b3","half","1","1","yes"
"04fd35bc42e510d629cc43d31b9c5d30cb3d5427f2bacef005499f3535c79d51","header","1","1","yes"
"7cfa8c281c729f5cc55686c604289e6adf1b44b1681fd66c94bbee7b9f2dadd6","health","3","3","yes"
"8a604761690d8c1244350cca373155f83751f0bb7b522d9b0412b497bde3443d","health","71","71","yes"
"237a7c140fff4921265e5c75e0481a94c6b79a7c07f3d4c80f6681fe1bf77eef","heard","1","1","yes"
"674977197cd6ce9d1f8cdd99a3d962f8c1e1cbb4e6a083b269d5e8abfd2367a4","hibited","1","1","yes"
"45adb14bf3ca9752e7c6021d2623d39e45c31835d7d1151b6eb0f021b66e50c4","holder","1","1","yes"
"243841fbd09b31289d70d81b0e17e9958216240bc1baa6c4182c3993097a1e87","how","3","3","yes"
"ece0517c3bdad0ad6f9c610cf2a35498ee2e7928ff8ad7a8fb23b3ca8c95a945","how","3","3","yes"
"7dd8fc7c92face2f0b263fc4a09fff000cc0942678113ed15442bf68e295e255","i","15","15","yes"
"fd28389cfec2cd7cb58baf4b36f448fdb608177df13c00d2677be3235ef5902e","i","1","1","yes"
"326b02099215905a29f41816b08627824df7268497cf112b5b8d74736fa7d2d2","ice","2","2","yes"
"64ea374fca08ecdf0b1539f0cd8100c097757e7e955168e894a318ee716c5428","ices","1","1","yes"
"b239aa4694d584532fc6b74de4b850d8a3c9f72b2d81c55b0cc5d4d819ca410e","identifica","1","1","yes"
"bae4923faadae50b143c275acdbdfd2e7d5b5cabc79bf9ffc43ba115ffa9e540","identity","1","1","yes"
"09587b42f0574f752c707ee606956b5f5e4506f6ddc217474e47c57812ca9d4c","if","10","10","yes"
"e5a2085f9172594d6e42bd60d3f6ab162ad6463c28dfbfc7d645f64597323577","if","3","3","yes"
"ae0bd87897bf7ced27361e2ed13f8c5b27280a84e6e45b504d5a93d1b32c8f8c","ii","15","15","yes"
"1232bb4e6a6443f61df359a138bf4229a3c82940ca4df902b41111628f9ebb4e","iii","1","1","yes"
"e4a1f6d5cea8d84cd0d7d539b5a6cfb5f6695a4e2d95544b7643b4f3ddb6633c","iii","8","8","yes"
"7b6b042a6225e7f7858473e8b76a81e6f5f8024fb294d39c6a6b18b74a877580","imple","1","1","yes"
"6ca896f01122c939aece724bd1cdbb0e5380d84600c660850e884bfbf4f9dda8","implementation","1","1","yes"
"023d2ff06dc2f6066b103560982682e964293dd6dd2b65189f871a41022f3eb1","implemented","1","1","yes"
"7f17729e00d989bc73cf1b1100ec098a35f3b668df565f6b870c35d62e7fa182","impracticable","1","1","yes"
"0bc85c2847123177105e575041d8abd51fa18504942233f2ebe9c7b268f71ccd","includ","1","1","yes"
"7e813104d25c8e556fc79e791a353e06619df2ac6e81a3bf71fe7e10176f4bfc","include","3","3","yes"
"efb6d81836b24118f0b56017029c8ae54579f20545986046d5e25c7a78cee6e6","include","1","1","yes"
"24f104594a7f62fb362f37488f12bc3afabcf1d91ccd44c9a5a75d78bc1dc52d","included","2","2","yes"
"0f7e9e70038f6403b4c4167f6359b22d74493471a0e7f4db835331dbdd51fc51","including","6","6","yes"
"685917065420224f3f86f9ad85b3c65e24571344a7b41f16e84d133481d5c0df","indi","5","5","yes"
"2616820d4eb79e4e67d4f112a00caffa9da33e95116d374774253b3064a69665","individual","3","3","yes"
"eeb16db93f2c60423bc8f2bd29a1427884e3fc31877df46b0eda7670000ed45a","individual","30","30","yes"
"42605f99153a6e67fa73903b0d6394ab4de46936af3e45103bbb4e8b8bfec62f","individuals","11","11","yes"
"f33dc43c6340a1e100a9c3817d7eedc9283f94614bb98211c3d87b4d27e1c53a","individuals","1","1","yes"
"b4f07ecf7647d23fc7a740173c9de018cbf430abae5150867d78088d1cd62bdd","infor","2","2","yes"
"1e5c960c9f7a949faabda5883b8c02809b959a213a45f0063596a3b8fd86743e","informa","1","1","yes"
"6d48e0b9b2a0a3bcca28e76eca177ab52a33c18022768146b3fe29b860de2032","informa","4","4","yes"
"777af14e757dfd12b641f4656b3cfb535d126d06bfa8ccf9c1d9dc01327d4c36","information","23","23","yes"
"cf0729ff4672758527adcd9a945a86ef99b714b25cefa35b65cceb31aeed14d4","information","3","3","yes"
"009402cfa3572f1f5ecc44103e41384f9c7bdf06449680afd876970dd11d9918","informing","1","1","yes"
"6afc5e88a3efc70d972728fba97fb5ec805229798e71e8836b55cbd6314f4bc6","ing","2","2","yes"
"61fabd9e045d3daf62455ed850252a6947522d859e174342dd2eda2cee461fe8","inmate","1","1","yes"
"2affb588179f75ea85eecc310532025143a9b646775e7a121a05416233ed1f8a","inmates","1","1","yes"
"c895990b39e8893b41359b52de484a4717fd8e6b21f042ea369f3a85350b9c04","inspect","1","1","yes"
"1d33421dcdc6e02e37a0540684e894daa84357170f75df236311a02f149f2025","institution","1","1","yes"
"627219182f245482393033ae46377075f1a71d2798d1d0ffe67f1a690af5ae08","insur","4","4","yes"
"6d92f5a82817f0789c9d15c1475f50dc8858d6ce70da7fa31461c08d755c34ce","insurance","5","5","yes"
"cf4dfd11c6035f6646b3586876b729968a1a57d458d9cdec2d86020d44974c9d","insured","1","1","yes"
"f21fa1b60f9e62c10c5f8d079756a2197b3e0053c8277885272cb79682042ec8","intends","3","3","yes"
"784e7ae700ceb87b004bd2a7d65585f1920ac89cf27c5e7dbe2a396989fe6321","isfy","1","1","yes"
"1017aba6262f3b52d36e7537ee0b123e1266928adef0b8b7cde9ca6649f5766c","issue","1","1","yes"
"2d41a284c7f60952e2e775cd4e80dd296f7712c18922fe66a798383576417891","issued","2","2","yes"
"ae632869d06817b0ff8a8cc75c749d7036fbb7555db2a94a73de9981c2e24fb5","issuer","8","8","yes"
"310278a8f37865982786310fd53a96fffea1d9644302070cba7bb5cbd16c4d93","issuing","2","2","yes"
"bfba31ec5188c7aae0fd2d47354a6e9e7c852eea699b325a5adf79cb9173b093","it","6","6","yes"
"856bbd8e4b9ea79f281d454f732b6e3f74612128434dbe118f1a14370d9ed38d","its","16","16","yes"
"8dfc36cc5f7e1b9e3e1872c47546dc6ea0792bbe6f23d3b7876d3bffbe3017eb","its","1","1","yes"
"bd6686ca87f2199fd478b1039062b68d6bd414956a64198f655bc9923278eb70","ity","1","1","yes"
"38b2f289a7fe8b295ead272fa8bbedc4a4b234084510591e19012a2916539984","iv","4","4","yes"
"8c12b68bdde34e734bc6b3753c5f6d323d3ef6789efbcf959756c2fc8b75ce39","iv","1","1","yes"
"36f12ff392393117594a3ecfb06adfa9978065c0e16cbd1a986153fa77f94ec2","ization","1","1","yes"
"8621cd6443612dea4125a3da6068df7e8a01aced63c95f8903e2f62d6b2c1b61","j","3","3","yes"
"fe6bc26f85aabffd5a7327d941192cd79766a7a366888c3b642b38c6513a2d0b","ject","1","1","yes"
"f0189eed3d6117e15fd67ec932db60bb5fcafb14e215057e9eabac177a4b1514","joint","9","9","yes"
"ece5ade049610adb1423c84b8bd6969412fc5f4c9044c2304a7d50ad76a7b9b6","judgment","2","2","yes"
"9b0aaa0bbe2c73c57482ac03974c4636cffde5749cb4df45b0e3f4eb09154534","judicial","1","1","yes"
"bc1214f44831ecf87018ca0481929f1f2832becb17421c1fce581a7108f1c516","jury","1","1","yes"
"a04688a8811a702a19f85dcb447460400a41f7fa106cfba1ef6ad87ded6c8f75","knows","1","1","yes"
"d78974bce29065c94a57923766f709a138ad8208136c65845b11b8a76a02aede","language","1","1","yes"
"1eecd55cf47e3e2d4ccc955467f4db86151a203a1f271a596696fc6d9465261a","later","2","2","yes"
"6d1f12da21381bc49f9841b6f239ab771340fe0ad23b2e37fe0ad7d27458e5b1","law","6","6","yes"
"b1a777c15ebeea3df47f4a758ef90be757323b825aa3a39418c5ee299dc1a2a8","least","3","3","yes"
"a33375ed202279be6cdef4a7de9234843357b8f009ff255502f624c20c15033d","legal","10","10","yes"
"306769d609164dabb4828cc00ccb2d730c16a336516714bb7fcd9397944da57d","legislative","1","1","yes"
"7155fd3fd9130949eb49528b92c0aba74af3a4976288b273324d31b01851b936","less","1","1","yes"
"a5b83204fc508aa7e907b85f1fc6306c321c836ac2548e22e9af1f8d6a36b069","letterhead","2","2","yes"
"b284e1001220584fcb97a316c026a118b7dd345fab9685b6a8bdfd5390788ef1","limit","1","1","yes"
"e87c3c9d0f1d51814cb4314e3513d194132450276207743d8f5e0bf121b60521","limitation","1","1","yes"
"3aed82e55baebdbbfa8c50c65f015687529a110933ddff66e1319ab73228158e","limited","3","3","yes"
"270dc90859bde065923790f8b523f71dcf23355c3a5dcd1625400cb3fa1207a6","livered","1","1","yes"
"a115c4b5d4cdcd4973deadfec1628fb5651aff969ef79ad5d893eb875820d665","livery","1","1","yes"
"e2c31695460b5cf9c616546efdb5b003aad5269581b920be55f50a25d9b2d460","location","1","1","yes"
"1e127b70a01788a2cd76dcfdc1150eb6dda299842575039ef7666efd8e9fa9e4","long-term","1","1","yes"
"1178083deff1620b6aaa0d7217c28173042679655abf21010e702f175c9c7dc4","longer","1","1","yes"
"c2974192197ac3320c57cde2d3d2561112b7c8d05097f95c7d57f7db4533c875","lowing","1","1","yes"
"13909dfd9012d721459e426c1e6dace62132c1fdee0c0bca573f32477f5a0d40","made","5","5","yes"
"58ecdd8d8a4559ab670d9b39e7d4ced367363b86e5338cc0c3577d673c499f89","mail","1","1","yes"
"a97d9b1bfc51736852b6a40aa7269adbf8b26bd633919781f27fe048ca7322df","mailing","1","1","yes"
"cc9ac8de37b2e744573036e6c6e8f2c2a32501828645b76095954eb24f84cf34","main","1","1","yes"
"1186bfea221a04c78a72380e4bb596bdb5b813a6dda0d05235809838ad4a7c71","maintain","2","2","yes"
"fd778f0466734daf6956c947e28e1464c45168945c1d6d57c890eebe3120cff0","maintaining","3","3","yes"
"6670ec8b2314a0823f96bd7a37f755c9100924726858d5d1f411c5fc002e3130","maintains","2","2","yes"
"8725ae6a5db55acb802bfcfdb5ed4680540098e4d8560ac601dbba2012159787","maintains","1","1","yes"
"56d8c2df15985558b45d5713bc9f2b26a59e50bccbe4f69bea187e2f84b5e229","make","2","2","yes"
"5c8f3883c2be7c3a291c936031584a0c70d8ea11c579af7c852195ee2b9d19f3","make","6","6","yes"
"b8b6cc5fa59926612d9d00f21f191e6d3a4b764f7f784a76f5049b092af1a8f7","making","2","2","yes"
"9b60ab03d1e63f3996eb7fcb10e82564f942f7540239f066ed80e9dce6927867","material","8","8","yes"
"7f13358a8a41ed6e872e2fdff3c04f6f9a178c94bb040e89904fa489a847241b","materially","1","1","yes"
"8ea6634d53ebeeb2227a70e66cd3f66b55ef24882a3fcae43a6fe73ec8ebddf4","mation","2","2","yes"
"39a60158e501040d99b25f37607ade05cc1e09371c28a5b5c027524fbde02158","meets","1","1","yes"
"39f6271e6bb16881043d17f618c7c49ee9f8d66a4cb3b913279d505eb387f987","memorandum","1","1","yes"
"e96b8a26489efdab33e6c6d5fcb4da52686eda124d77a92961166c9bc2b69307","ment","8","8","yes"
"cbc14d185d8c1e1431765ea456bd25b16ab6169f8c57e80681734d758167c04c","mentation","2","2","yes"
"4c5464b4cb7cd1b78c8f57beda6b7e265636e75dc220675c29e9d706ecdbee10","ments","2","2","yes"
"355dd06e69118ee402af7736db9a53187870f38b6a9a50c80ed40ea75f1dbef6","met","1","1","yes"
"6512b2ecf29a72fe89f4de4cf05253b55202b16c23e5857eb2789115c109225f","more","5","5","yes"
"cda4b5980c4128a06c70bf113d9a000f92ad2c017e274ae2fc6071057c1553d2","more","1","1","yes"
"07b90e80420f478c8cf5f28dff4f382ca77b1b2a01de73bfe7982c79e3e80be1","name","1","1","yes"
"090b05eed7847aa661a16520740efbc9ec1ea1475b73e18b48bd5041c7d37627","named","2","2","yes"
"767cbf86c293e3688b268ba7c82fbbc05f5a894f34046cc0306d73a8bf29babd","necessary","1","1","yes"
"ddbcb1b1c91f2e6a11f4afb9d03c3b173f1155d88db6f5d148643d2addf9300b","nently","1","1","yes"
"e00a732e259f05acb20b08790f3ea6a40feb58d71b7485d2c01a095169206392","neously","1","1","yes"
"ed0fabcea91a5281682fb5ae53b6cadaf2ac11e1027303f0d1ba86085462d027","new","2","2","yes"
"e245adc265023b53f39395f5d2cee0a221cb074822dcb86af14f7c074c10e7b7","next","1","1","yes"
"4bfbe77dd0484132e7ca47536cce00b8c596fe6e1298363938e0aa3a5c2b5501","nized","2","2","yes"
"8987e3ef32f423830ffd1f8e0ceab40bc8d54f0b735ea956764e9aab6e90f9cc","notice","87","87","yes"
"06ffe96fd132090304dc9229dc7cb13b80124ea142d4a9d25505172d02e1c998","notices","1","1","yes"
"bdff58576e6384993b7404fe49733993424a8fb48db9d8ffa64f1d29e17f4a62","notify","1","1","yes"
"c2aec5eb65ae13fd2959e9e8621ed50fbf3db15c59c4101856e08e3f17aa727c","notify","1","1","yes"
"c18fc2cd06c1c9bd636904277f6037ff030873458ed37d9fd1b8db96489b70f1","number","1","1","yes"
"edf5f1698e1f340e26dd1fb62bd7e4e890e90f8de7ea274824795b60edfb179e","ob","1","1","yes"
"919e3e4ec603a1e0ea5b91fd9a28bc6cb48702a02b4a3fe8bd6a04ba2ffac0b9","obligations","1","1","yes"
"7ef97c2543d85f3189c6b34fc2bdcd8c82a34688593b1c8e8fac8c67a0eb639c","obtain","7","7","yes"
"f6a723154ec599fe6559f65563620447a39839232b205ca4d74aa5775026f104","obtained","2","2","yes"
"99f4d8a0de93bd04c84141ba4095444cdcb510df86430a73b916cf2778af4c6f","offered","2","2","yes"
"e71dbe531cfa2b552978b624afe1facc29b3f2df5f8a2931396c00e83bb22007","office","1","1","yes"
"fe9ceec6597722c08611583511d033b38d5cfbe56f15b8c8117fd663cd35baed","official","7","7","yes"
"8153a1d1cfd73df0f2cb1198f465f53cd8c487e8b29fb996cdc7a9ad5863e987","officials","2","2","yes"
"40de1be28268534a790977c317dac38380ef42dc99047a1b94accab4333978b0","once","1","1","yes"
"195616cdb14fa756fed2b95cc8e5bb7903dfc2aecd63a15a93967955a51681ba","one","6","6","yes"
"a249c80af256f9a2d89c9ef9826fb0d914cb193ff5a6ae9676eb688cc9718e00","one","1","1","yes"
"b4ab0d818e94b7d9de2904dce92de0d38a482b5732b5c1f7be95592bc531c061","only","1","1","yes"
"97d80079a67c4ce88dc2ad90fe14354d0c46e32bcb91413ada16f77a98767dae","oper","1","1","yes"
"7d6f81a403440a0f4f278c542be2dca2f1f1ee8c99c4454772d728565eebd768","operations","1","1","yes"
"6a713e80c4016c5ac0da564582f4b0f6a443203c115af0117c5d386589267704","opportunity","1","1","yes"
"b63b1320056e0f1eec1081ef6c5369c153087f71fc6cf7cbc754391bfa4ad88b","opportunity","1","1","yes"
"8f763687262b5ba78a493c8897cd9256e5ed2a970e9b4f5b4cc31ac3f5af5e17","opt","1","1","yes"
"d446b591da7ce1291bf083ac2a97105074e9a0dcad18d1c2edbe370971c03cd0","oral","1","1","yes"
"8217bf379a1b3c94f7ca10d39d44c8e1414d924f26971904eee14c8c5cf9e351","order","4","4","yes"
"862be2e27bf3f8977b7160ad6c060eae0be4e3d7252d65967eae53f605e26366","orga","2","2","yes"
"7cff82d69917967ab0fe5224a919f75567abc9935a22ca8ef830ce19397b6da1","organized","4","4","yes"
"17326055bbfd3e5178a9fb94acb1e113cefb763fbd7a1dcbc234e4fed8365373","other","7","7","yes"
"f67a0bb5d5e072d9e35da7e525ef1bd004f81769f5466853243dab73657a857a","other","6","6","yes"
"a49b4b6f06ec97d41c8666a49595880c7b230e6e790e9a2f5cded24cf656f72f","others","1","1","yes"
"8978aac03c58641307a8d87e61d69e7d48b4aae4ad35875195e3d63ab60de1f8","otherwise","2","2","yes"
"d89be6395cdd1700a9780cbe3bf641ccd33fb1cb69de084982c2a12b74ae43b6","out","2","2","yes"
"e01781a837d51865c98f8e673e65b6ff0b335c13e186f933c3513c758fefe272","paper","3","3","yes"
"b45e9eb37d082675918de59017bc9af62cfc0e25ddeba5f42307e36981f080fd","para","3","3","yes"
"1803cb19df8f8795489cb2aa8ac2d619e2ff42ab2a6ee2f3b4fe54be18f68220","paragraph","22","22","yes"
"178cb9366744a3c4183c5a9a38e1e28ed9e540bcfddd9fdf562d86c148b81235","paragraphs","1","1","yes"
"0e046c875802356738dcb172bb22af1f02823dada5ea1c80da12c8b6667ee6d6","part","8","8","yes"
"e7b73498f7554963ca892fbb789a219c6abc0725f5a71b659121fa258d161ce8","participa","1","1","yes"
"bffd43c8a5bb0e6ea1d7b80f09ae01329decaae5bb6cbb94fdde4734401d96aa","participate","2","2","yes"
"13f190fe0713cfcd5ec01a2b6c96837af662245813c5b4962003d5da21bc014d","participating","4","4","yes"
"43fc4ce244368647d673acb67d427d866260cb72bc0e18722466e30917fa329f","patients","1","1","yes"
"231a69ada85f5aa0e7a1cbaf1c7ff3c97b393e23b405a6c4d05ce3159a41cb5a","payment","2","2","yes"
"1116143c66c9d235fef7452714b091b656a3999159a133295be71622ca33cb46","permission","1","1","yes"
"cd777b9a06230cf7a57f28b7102ac3c1aec427614f3a11f4a66385c763096c93","permitted","1","1","yes"
"579400554aade91f8654a4eaa7cec313e2322ce448c67356ea65c9dd2c85db48","person","2","2","yes"
"c6f645808ec61ab4e934d2a6d56f3f8f56f07d5763301f8c8bae04e85e47d524","person","8","8","yes"
"19a35b7e0b107f62a31ce5a24d150062d73b9ddf9006bcd89bef2ba38c4b998c","physical","1","1","yes"
"3c8880666d38171532c188bcbfadd6df2668dd434a9911fd60e05b748a630f00","place","1","1","yes"
"fb97a2fdd95a7a62e1889486dd04a3cf7e77db14e6e27bbd6337a1da1d0ef4a4","plain","1","1","yes"
"c0e8cc86efdd27d65551e2600b81d99487b3c6b43e2569149125589db645c02c","plan","28","28","yes"
"b84011545a74311b7ad9e110bac2e23f548b4fbe9278f4f79bb96ac139b4a720","plans","2","2","yes"
"b7664bcc9723a3918bb243e370a10b72f3220d5b9564c6acc1662662fcff0f02","plicable","1","1","yes"
"f054ae2554a4879bf99e1af30c5b46bd49168be48b85ebee41fe4c05f1322cb0","plies","1","1","yes"
"a99d4812a102fb97b4853b927e85f1cd59cbc943f3a8f0f5e9ad70cb720178fb","policy","2","2","yes"
"28a532445783f47b99fae9ff6dc844947a3ce0e553c60db00fb6993e9f4610f8","pose","1","1","yes"
"47cbcfc6c2ba00688d6bc60ace78e3ca3b7ab9a2e9b2d854a01c52d8759dcb89","post","1","1","yes"
"66097542ac8ee5ac6d225103af31e0312c83d9130f5cbce5f048bd75fdbe323d","post","2","2","yes"
"eefc8860b138a8431f143b3945c61925fb7d609352d199520a4da6c2993b46d4","posts","1","1","yes"
"7d7a113a2097cdf8f729de428a092e6597a2d60430b90da0145d6a710aad5335","potential","1","1","yes"
"1ec1f3f6fb5a7303bb6e8cadb54bf57f68bc5a5bfd4c96b03d5b70758b827ec6","prac","2","2","yes"
"2669f733165646572e59c8f4b63d4350bd82ba181db3b248c3abb024d7d80318","practicable","1","1","yes"
"b441d91be3e017a660b2093cbf7e63b83b38eaa310ee56ca69d9f78ec401e9ff","practice","1","1","yes"
"f9dbcc5e602049661cb5f5b438850f4a5ae7402837edf2557c31b884eaadaf35","practices","2","2","yes"
"1c21d64ebe3f9838af049d77fe7675cf11565b7388a2dab7fd0fb9e98731c685","presentation","1","1","yes"
"0d273a3d7b96af869d0d228e52af48800f4f7f47954e32fd8ac8757b95736ff6","presumed","1","1","yes"
"fcc14b73bccf70fd69a123bc9a6d9435e885ed60976cdd515816c25f91d8b338","pri","2","2","yes"
"138a96b7f5ac4e048918db23e52c08fe47f9a47578be90678c104739ccc81121","printed","1","1","yes"
"ef85f8f5d0e3ff8dd9194695fb8153b0d423d05b1b44f6ff41bd4774460b1c28","prior","3","3","yes"
"049fc794f38896b774246b1f239d59bbb5ce14c2a8ce93866b783529a6b291ba","privacy","4","4","yes"
"927fdb72db81331de895666489f2569aaf6bae4bcaa881c52d56e076f815a072","privacy","1","1","yes"
"28d90518329062d8fd701050d1132ad977f647f666ffc8a8fb7eba62ff036d28","pro","11","11","yes"
"d52714ca6b40d60f116e03556be2179e698b9152bded4400a60dd9bf625bd71d","process","2","2","yes"
"92c8b46b57279ca1d8bd3ab1b79b7aa5abc940d9490725d89bc334c2606e48a7","professional","2","2","yes"
"ed99e4a99bb4f9bb719f59e2c62cde80b7e4a6b3a8569327efe94f0f29aa674f","programs","1","1","yes"
"1f75d7de6b1da0a7be787be3c9e2495839604211aa7dfa0555c4319a04036141","prohi","1","1","yes"
"72652c6eef6dd224ab9a924bdcc22fc29326c6f68567087870019981f4182deb","prohibited","2","2","yes"
"747d70aeb16acaef37a02cd0a849a16ffa995df039b33ca42908e7b618892fd1","promi","1","1","yes"
"091af0f00c7e30d6a085d7ead78e74d694045314cec48de586a42e37717e0ea6","prominent","1","1","yes"
"30f23b17ee8f163b1d9cc0a29cdc7bc8fa5d1222f4076a51a037c6eae3ef824b","prominently","2","2","yes"
"194dbd2bf1e3e63b45a09b9d5472646fe945814e8f4791308efdb678b1314298","promptly","1","1","yes"
"41957a62a2e3eae859438e2d1089c728b0012d045f5d47dfa9f69331c3ee1820","promptly","1","1","yes"
"0d57ce6c0d0f5988b2b2b511c5396fb1c31599be9a3fee4c85589a19d6132d51","proof","1","1","yes"
"159923b8b69f3bd76194ea580ec73c4c96a11fd5c3e7b513f6608e404b7d93e4","protected","21","21","yes"
"6a8c59685c42e2cd8a574aabdef7484dcbf737d7e524771d35c6d8fa8f0beef1","provide","8","8","yes"
"f95e51398756e7e7f6a18edbc764e334e4f9ebeb49962e5d13f5d2f74ea9fb4b","provide","2","2","yes"
"c786fdf017651579682ff6eb7d6327bcbc5e64d4eeb14a2cc07ab9fb0a9535b6","provided","16","16","yes"
"56cedcdbab78bd30e2deca57023fe4515f5aaba06a32d95efb5f690866d310af","provider","3","3","yes"
"f4600415bc56e572a32b5fa1a0c2fa64657c13172490fede15511f121676c61a","providers","1","1","yes"
"df670b4482684e5df5a5f9ea115b6c67ebf417eb1f85d1816267ef057778e2be","provides","2","2","yes"
"84a2183e33dd4ce32adc6fa6b551a939b901b347b6138d2096d5cc2340e50882","providing","1","1","yes"
"20bc2bc67d4e4f49da8c6d57f0dbf467469ed37de0407c458bfc99977960b02a","provision","2","2","yes"
"70ff7b099aba74b633b8fd6ce9de9dea358e82ccdd9a0daac655129f256da88a","provisions","2","2","yes"
"d147e7464918ec4b1da001e400ea38783d3af71bb264c56c5233dc37a8ea2704","public","8","8","yes"
"67ada18c6ebd11176457735716a452bf25bf9f312ec3b0edb172bac743e3cec6","published","1","1","yes"
"02a19c7416491bf6360c71236d6d10b2b30fef6589f43b09a8bed03a740378f2","pur","1","1","yes"
"3ce273d128593a883b1cdb120fa9b2205e6d66c8f9defd269aa97342db942b87","purchase","1","1","yes"
"16ae8c2e2713df1a86a0b4471223265d486ea4f467847556dbdb6a3a4f6163ac","purpose","1","1","yes"
"6d41a618134d379829eca6240362c05e6082e13d119ffc553eff98da7e39331a","purposes","5","5","yes"
"83e97c02395d74aad15648b8dec9e3a397265b1e0b5f7325749eba7c87dafd57","pursuant","3","3","yes"
"47abe7dc08309f63075cafb2c7ac6fc8b9c3b438401a2f92d5b572141d6935a3","put","1","1","yes"
"ead77d288511d14f30c3d444ac27b768ca335e5acd41108ac326f20c4fa207b5","quest","2","2","yes"
"c68557cc27539a280619ff2bb2d2618e37d1d570f533b150edbb1ac5ee62631d","quired","2","2","yes"
"12562c44fb5451a4a9b0e168385a689726b82e9af60b8663387c751b53a6cd69","quirements","2","2","yes"
"4919869209ffacd9cd63d6b465493d17b1670628cab052efcc37f9920dbe41d6","raise","1","1","yes"
"db3e5f03ec1e27cc89d04c555d7841b1d52153c0d2d93db3f0acafa60714412a","rangement","1","1","yes"
"46486fc18c3748f53c9f42e7b115d118563c72a7fe563dc3c9ea0ff0b5dd4e70","re","10","10","yes"
"120ac322b0651982a822f29aba55dc86526ef111d7f939eb4c78c7037c819763","rea","1","1","yes"
"ee25e83c8bcd8be821e16ee0200e816813db384b78121428bebdfb43a80e977e","read","1","1","yes"
"8daa8a3e751fc0c919057f20116e35370f328b8d8d80a78776418e12b0a3c5da","reason","1","1","yes"
"51bce12b3ef756f7c6437c3152907bbef3bd854c712ae4d288119f74051fb3ce","reasonable","4","4","yes"
"3c2e7baac234420c5ddcfb3c6067359ae9a31ee35c4ecad59537d5296b389049","reasonably","1","1","yes"
"0556e64db194fb732bd09188bccb2d596777af669c06f7471a14549198e68089","receipt","2","2","yes"
"170e8acb5e656869c0d0a0b7972fcd9827ee115f05a7fa51d373b7f63c3130d3","receive","3","3","yes"
"85fbd97b7ae581882f351c6f59f33cea519e47c767259e66caa54aeb2d170abd","receive","3","3","yes"
"2e670fe4c4f42c0ea6979009a85ae652ec19ef2c41c9a77234fb27a370e9ca9f","received","1","1","yes"
"350531b49fc8e995146ec7111ce3776b4229d8cff10dff49b4e2e8a272a90fa1","received","3","3","yes"
"249f616ea2374c1f987815da6fff889d6886fc49221b58821aa535b2efe5b217","receives","1","1","yes"
"04f91c5043dea5228098c50ac79c968d8b7aeb9833899b15f975513d75c6ded4","receiving","2","2","yes"
"6dcfbb994943c7030632808eac5459e25cdd97251294ce9a92b4b9e65270b5f2","recipi","1","1","yes"
"c6b16ce502024d5b8abbc8e9676bcfca7915ab8aee6323cd90309f4b880317e2","recipient","1","1","yes"
"8597067d820c7b5df361fc754a486063cbb7ad917cb420c2d1cd43517498e841","record","2","2","yes"
"3b45a90f3d0da7351513f518da7a612dc88f8c9eb02c1efb6573a31513afbca6","records","11","11","yes"
"45798ac40b81bcaa8d03b706a0a49c51d146bb55e4b9ade135682d55441494ce","redisclo","1","1","yes"
"f1714a23a222159e26b5ccf882b66966ef1d4e4c6e7edfe7f9e8a53f0b89f0f0","reflect","2","2","yes"
"237841427d8a87ac5ec87f8d7ac4461015d403a405b385d57da1e716446c057a","reflected","1","1","yes"
"f2a7f1736b667ea93c460d51383bcfe9d54ee74938cf2fa58824a320ff476513","rel","1","1","yes"
"f3e80710851e98e796054c8bbbd0a9f9e32f537f2339b033b8a80d7311c27e9e","relating","1","1","yes"
"05e1a3c14a61231f19048230acaf6c6b56ecc7785a95cba43dd926ad9df05f8b","relationship","1","1","yes"
"3b9f7b803789de19f8bdbb831264beb815ef5d52860465fa0560dc74593c160f","relaying","1","1","yes"
"842ef6228edc4193c95abd446ada1509d17475c35212e50b316e4e9831842671","reli","1","1","yes"
"1ba5475f180e5dcf546cf708643968ab45ec7f2c5933a126c5f3d8c8629d7279","reliance","1","1","yes"
"9a2f9ef6f3ca2f799ab49a3f370cbc062dfb47a08bdf4aa110be18b16b45d956","relies","1","1","yes"
"7295e3fe9be33a66d7f35d357938abbe25443b5200c2809510862d96d13de10f","rely","2","2","yes"
"0a8fa69eb7a418f48a4177c6d84d4b1b7b25d3db4cf2ffa8a31b4c64e2cebb21","remove","1","1","yes"
"69ff2321cba082f0d3eee3b1b1b0fb3adb405f0226aaf4048b574a949574e51b","remove","1","1","yes"
"a3343358f77b9485edcf7ba4d7a84ac244d6716cc6baa0747f1ae2f6d065139f","request","10","10","yes"
"6d3d2a3f968d38ae4069bf5e5bde080fa184d12edfdfc6806cec16a92f3e0ac9","requested","3","3","yes"
"e376e311079bad42b453ac43462619f776478585b9b4023e7adb071ae669fb19","requesting","1","1","yes"
"c908eff9f515e221537cd8bd00243519fa80ef0b0a115b465fbc3b7880af41f5","require","3","3","yes"
"7f83b2cd0ba503412dba70b60b3ed98c1f195a4d84e8c835ee5af462adcee9db","requirement","2","2","yes"
"09b600bb1e7af8d022748126c93cf26cbd55d0d7f59c60a402b3ce2eef54e37e","requirements","7","7","yes"
"0bb97284e4cfc8e9064eef876d7f437d1596363893db7cc17eaaf1207a928106","requirements","1","1","yes"
"0283a13bc928e33107f9da511f34af0e2f130e0b6c5e0343830cab22fe1cb1d2","reserves","1","1","yes"
"3b8c02cd763051f8e362e465252e63b48362fd56ef4f4164ade292115dcd41d5","respect","6","6","yes"
"5956dd1a1d0d1812cf8103b17bc69bae53004719725feb878f8d150a63728cff","response","1","1","yes"
"b2084064bd3ef1e639707577390eec41696da3fe38cf79b5bb0351f5e3d0bfd2","restricted","1","1","yes"
"7bad30d1750acbffe3226af5700ce48c717b8514ceecfea1e7148448f577cd0a","restriction","1","1","yes"
"688644db6ad630de5bed5d7b2068468c90d92f48b3ed4602c1902e14b668e95a","restrictions","1","1","yes"
"4b51381c917db41848f8d23ae4c9ccb2b86277a38454c618bceacd1925662ae1","retaining","1","1","yes"
"a64948096156784893f96cadd87c254b75cd66de66a4127c2d951613b3facf5e","retains","1","1","yes"
"d6621affb585b5a180b7ead27892b9ba93373037687892cc8ada4aad1ee139c9","revise","1","1","yes"
"6357375e0ddfb27f7a2e18536430a3fc01e716cae9fe15eef67fa56cfacebd90","revised","8","8","yes"
"90debfc0e73243c25fdb230d0d1a0a8c790ac273c251df2e266433fcf3a05471","revision","1","1","yes"
"752e0ca0db90b6e13f0ed15a58b035b56710ab2c6a9edc78e0b08508b3b0744e","revoke","1","1","yes"
"033b0fad8d3a8fdc638be6b5bfed02adcc84e17807884b9891b7d413d61b2763","rights","8","8","yes"
"ba693b3ae7fa53967d82700cd75e5f9310bfb3e1c8ffbde46335ca3b2c0b4fd3","rollees","1","1","yes"
"046629ac015d132b2212597842acdedfec15bdadd8779e31105ebdacaa879962","s","13","13","yes"
"084caa5fc315534f941ad2912c2cbbafb2a2fbb21d11a7929d38af84b367d953","sat","1","1","yes"
"89ef876cb044c91d3903a50d9ef6ae1e2cc442e945ee700134f795e568d909db","satisfies","2","2","yes"
"1620fce4a3688b507aab511a2ea2590388f1b1864a053942c86b1de4d7ef8979","satisfy","1","1","yes"
"72298ef52150f20fa33d5fa7d6e42546a2b80c993f601f7d14d492442af8fdf1","scribe","1","1","yes"
"2fccee9d036d90f13cfbf8494e6fd4457b87a80b7e8cdc7060da41a2826ce1d2","scribed","1","1","yes"
"4fbc4e1103765c3edf2dc8a94da3f3e5810fb87928c081ecfc54ac33edbdbc1b","sec","6","6","yes"
"c0d11fc71cf76159b4026ef47be48d4180b2ee7e5049c0537b731497fbfd8177","section","25","25","yes"
"2f3e1d551b750ad7c831dafb382c567500615fcf0bfdf3265629f86eb2d50179","seeking","1","1","yes"
"9571ef069b3b7825b4d8a62a7bc11147bdf927c5002e7bf2cd7314379b7d025b","separate","2","2","yes"
"fdf7b837f3e9262eca711cd3810d81b03e8152de4fdc2be08d3a5587b1b22714","serv","3","3","yes"
"fae2b3cda31cad6a08f638f6f3e62716b50dd29c6cb78afb8883fa16fb8ee85f","service","7","7","yes"
"24482a95ce40f327d0c548ee971f3a44e69361f299b78957fc7bd42de9b14650","services","1","1","yes"
"414eb4db6852fb46248c50df8aeae4a12294ac198fb1f7985f9d178a478ef514","shall","1","1","yes"
"ee380b36d47c85f07fa277a5364fefd9e9e0ebd358ff5eb6f1f611f1290b116f","share","1","1","yes"
"ca148b8eeaab92c4d0eb9ba5696d0a98dfd46436e24b5e3a073918f6fd9662c7","signed","1","1","yes"
"15a679c0c22c71ed5b56e26e33054131988a6d2bc077073bfe13976805c2592c","site","8","8","yes"
"acd009018df2ac0e184503257c1b7e914a7c6faad8b3a3377d3fdc683f15643b","sites","2","2","yes"
"9a091c0c0af0d306b15acfe32781cc9510bacfc1ef023aa0e0f8122c5c104e85","situa","2","2","yes"
"5aa2f718580ea4e3355c5e6e34d4fe12479730d8ecfb3ae4181c19ea755fa8f8","situation","1","1","yes"
"56c0f91bf4a8478ae6f7cda66afc801b3c20c4d7e3be75131075420fa1990a05","solely","2","2","yes"
"1ea8a65f8d434455b6ae6333ac6ef6a7645ddf6d81df47b0379cdfce761ae517","son","1","1","yes"
"31d82e12836127d4b3035fba8785ac53dfa0a470dc6b9ef7eee524e81d36078a","soon","1","1","yes"
"6fdd4b453a45939be81ea2d15b64e69eca837e70a712ebe48a8461c4c4b92f69","sor","1","1","yes"
"a188c0f4e9c5cb1d6091f3215dde14abbfdcf0feda7fc171a0ad4ede4d55fe55","speci","3","3","yes"
"ab1cdedce8587589a89d69d104a3f7edf2910dffa58ac92ebdcc72b3ea0bdc4a","specifications","5","5","yes"
"94805272a63d9ed39445ef1f8d392a44db6ff9e65113b433314407ec509139e5","specified","1","1","yes"
"235fb23d8acca618a855951c7bf9e3a9c583d85e29a5845a4e7730d6243cde60","spect","1","1","yes"
"d62c104583d95ec20796281a55e6f54886d6e863c2593a8409a1731e42415142","spon","1","1","yes"
"39edac1507eda849d80ffc63cb25d75730c5b5656b92b8b3dec003e08cf1ef00","state","1","1","yes"
"4cacd270166b2fada39aa526d850e676c9af60788e263e95e9349b53a50c8a93","stated","1","1","yes"
"9bf0e114b81406c299cacbc12ad336d3109679a978cae1314d80677c095b3f97","statement","2","2","yes"
"fadca6a321e3fa2024ba03d2f77eae89782fa79795c6b2da2728ec9703d8beac","statement","15","15","yes"
"7e22294dddbac1aec1dbe622f0b6ff5a963a0e527e770b4753d4e64e32fc64d3","statements","3","3","yes"
"add9a45bd6fc4276ae6658269adf3209f40b08178c186f45a272cedc555a1b4c","states","1","1","yes"
"b51e73b234b103bff3654daa3f90f8702f6c0da0dd7acbe7b0c5b7d45540657f","status","1","1","yes"
"62eff86b092d0a9e0e68f5448b2990f99f5c61e6296b2597df569a7b26e62cbf","stringent","1","1","yes"
"72cf5d7588eb9b6872a45d03d98e71076c03b2a76511cb5573bb9f7fbcc9be2f","sub","3","3","yes"
"66fa3863af83b06aa91e3a565c5bac65ea28d8e31bfdda27f55248a6fc592d3a","subject","6","6","yes"
"8496656158a7beb4a2476971504acef773c1d18045de5fe041ed6ea27f6e151a","subjects","1","1","yes"
"dbec7cc26b48a7d3190c96dccfb5ba7ca9d00b558d19f0bc4f0d6597b00a8ef5","subpart","5","5","yes"
"066cbb7e39571f2619949f1f8ed41f953cc3b1475b833c99780c772146217232","subpoena","2","2","yes"
"7eb5c4f78a5a1b6a1b5d20aceeae820bb4ebb3c9fbb26e0ce7e754e099573dcb","such","23","23","yes"
"fcea284944c05cddde9e1f79dac06fb79025e7eab952fa8a2d3c67226047e430","such","1","1","yes"
"2c382df10eedd097e8e412589dfbc0dada069073c5af9556ae4aa424536bdd27","sufficient","2","2","yes"
"bcdd199c981b65cf6d699c9262b52d3d316fd78cb3494f106f616f6fbeda7040","summary","2","2","yes"
"eed01c5ab497476adb2174fa5f92aa6a3ffcf5ab0e3ec0bb841477c9e9721a34","surance","1","1","yes"
"fb2d3e465852dddce9ef9233b265302f90e184c34b4e467c7228012f3a85d866","sure","2","2","yes"
"3098b26a7670b64141ebd9c82c05af873bb2480dfc9daa304890065ba9ff8246","sured","1","1","yes"
"c53c5411d779c8625ddb46759a2be0ebfc3a7ac4ef24679f4b8eda43ec9d2a99","sures","4","4","yes"
"b4ae2bd093f4015f41b17a05d9d31c4aea5f3ab51b903604131b309f37f29a14","tain","3","3","yes"
"83f00fb6cb408621e2d8fb9691a96115ac7177169b99b573f697df57bac54257","tains","1","1","yes"
"7a28d1dbe26499d8f0ea5d3b361e4232117baee506cf7b12b8062684435d2e3c","take","1","1","yes"
"a8ca0cecd6b27c307eb218f9926877ed483aa8bf8e213ad8a251bc79c7473c88","tected","5","5","yes"
"cf137c849e323baa2f8c4474cf690dec65d771f86599b93144c414047c504b03","telephone","1","1","yes"
"9d3ab1d38332ca0ac8c6d0358b0a76527d233fb260be01c129f40d09a2ec1d67","tent","1","1","yes"
"384c6ff982b678de05fb467c60553ed78b340a4b052f8ec3f36803f8779bdd4a","term","1","1","yes"
"26d770619904b845f89b8e3607205ba9d68f399f5927d638dfcc66755a1d486d","terms","3","3","yes"
"4f7501ef325f7706784813780efb4101ccc4dba25ed5f8c20bdd5ebec0b4deab","testimony","1","1","yes"
"7e7e37df83e46e096961b80132af46e5e150aa40d37a43b6a14ffc089d6cf4a9","than","7","7","yes"
"5e978f57028df8a900b7840befa1f6bc778ec237093c63d8f0cfed071d3f5cd9","their","2","2","yes"
"d3b989e89a3a8c53c2d6cab166e9bab548e41885b6400ca751c5ccbdc2475e10","them","1","1","yes"
"7603c0b47763af44146054ae9daaa55d535adbbbb71aac3441446470fe4a86e3","then","4","4","yes"
"1c4f36231251c5a5baf6acad5638c7a8ed790fdee9721d7d0b9ba9703e38322a","there","2","2","yes"
"99991bd540bebc5ff0a563ccd8b28fd2e21b069ab0e674922dc6b066b3bb360a","they","1","1","yes"
"87b0201e9fcbf1552769d5d45c48550ea46c9177c84aafd610b59758dae5a4a8","thorization","1","1","yes"
"3873d4e729e0dde933dd5003843b6c9aba1cb5caa3ad8ed9fa4954ada0336de5","three","1","1","yes"
"5f93929a70416c4e0df533853d39e31339bd0c931a440465f259605af2e5acdb","through","6","6","yes"
"aff6339610cd39d530da1a54231a2fd2c5563d077297fe88b610964f84ddf75a","tice","6","6","yes"
"31ad6889b4cfdc1c5a13019864a06cdeb1cc2f2b7bfb2c4e8308910c8526e340","tices","2","2","yes"
"77241ed1d7da61e462406b6651462aa69c96133313f185221e484b2bef09f63a","ties","1","1","yes"
"c234700048a57d1fe4da396dfc8d810184975591d1b434fa4d5d8a141988a8ad","time","1","1","yes"
"a5ed00a40cac297e58929d4c0532bc2062c6b7b809700118412297541d8c3629","timely","1","1","yes"
"090ca58ca71f232c7f6f2e1dcd5b0d861a0f00daf89cda2c8904b2b2621a04d2","tion","16","16","yes"
"f00d08cef920765fd41218b8d08e487b97cbf77f51fc6a3e6695a199c444a897","tional","1","1","yes"
"62e0b7332456cf3021d773d1c313b6dae838bb554f2b4b3c6578622555300e64","tions","2","2","yes"
"e792494d8d84e6249cf954eba69858e682e9edc5951a18879203144758586ce5","title","1","1","yes"
"1ec5c86bfa4912aa37eaa6452804f35d1f5fa9e7d35b45bc6c17855bf53243cd","tity","3","3","yes"
"44a5e3db15bb828311d80a344943816f443e45be8ea99538846c9a20e18c5b01","tive","1","1","yes"
"7822a4783b8ad592efedee5700ac91dfa94cf2713bdc5a935a32ce55a75086d4","tomer","1","1","yes"
"8d1bec81a96e2c73255d7a1d0a8ad0315cc067ff9339d514ed865fb248103605","transmission","1","1","yes"
"8e9442299a58db3749cf7c3bfd007e86ea56a02127f3c6ddfce4035dfffc1d8c","treat","2","2","yes"
"4e31f8bcfe00ddb916d4a6ae72cecf149244f151749d46d6752207f9773e6c6e","treatment","5","5","yes"
"6a3ef172146d77b34bfe1609ceed4518cc8f56fc3094be7923fe0071a643477a","tri","1","1","yes"
"7d0947dde4828a4289df46a5a98dedba7857471af6c587e12093b6fcfca7b1b3","tribute","1","1","yes"
"f09ece7d0fb0b6356fea695bb990739c7f3e13f0f3ffe157b732570941ecfad9","tronically","1","1","yes"
"92476380e86cbd832504dfa5871610abd4f9e75ddd8879dbe26d17656d2ad5c3","ty","2","2","yes"
"b1127415db8af93e4fc3d1f3f953047a33da4a8806dedd0e0b723f4fd7daaada","types","4","4","yes"
"7af53638260a1a22284bcf89acc43e1262beac8cd4be7cb19df5587ae6517920","un","1","1","yes"
"d09eb75f66fff8667ec676bf4c3686d6676070a78968c44e42346b32a40e6dd2","under","16","16","yes"
"9da7c9b2e3375948bc57658ac123e88e3c2af79a8a41aa4e678dc8f4194ca06b","understand","1","1","yes"
"d636720e9dad7b5aa06b816382f3f2aab1c6a70f1f7bac8d643413935f77a27d","understanding","1","1","yes"
"12a3f7ff022cc7c0ebc875128eab0887c46c1673bc6670e59b2b3a1f6f03f4c9","unless","1","1","yes"
"9ce5ebe0f559fab83e4482ffd8446fa8a40a03efa1fe1b09b1c5e5d823c6d266","unsecured","1","1","yes"
"1f5cd6318ac1b4b37e130872abee4030089823ab02a874d0468bdc3e583fd015","upon","4","4","yes"
"b818f6edf1e2fb9a2ef9ad496a2a6e2fa642af4b1009e67eb26e35605910e24d","use","9","9","yes"
"6926627b418a18c74e6e4e1f72e05fbd1a9391aed766bab1faa7946c3fcf9384","used","1","1","yes"
"76e7ab77bf0f4c4f88f9902de92d110cd1f6e86ce800b7d7abffb27bfee256ef","used","1","1","yes"
"c95e82855fb4b8ad0a44d0dd2b1fdec267a0799f5f9ac91479cebd104c93be72","uses","14","14","yes"
"f866aaa7c4073c2e5124fd94a476f63e6f4953d95630922bc0aaa9320ee9de7c","using","1","1","yes"
"ba0be36b0131e89187873ffd3d57014f291e0e3f54ade6fb7525afc36cf73fe8","v","3","3","yes"
"bdb1c1a7e5a82ca3e72205be3d5367384419f3686a2977cbc380889554167f2e","v","1","1","yes"
"55fbe0d2eb3ba843384add33cf5c7fe51f7a6b913bfae3ff3cb1feae0b204e45","vacy","2","2","yes"
"eadce4eb51530c9cc3b33a0acaa4b9de8711a51aa56e2e8ced96c2661b87d1e8","verification","1","1","yes"
"4719472cda589aac5abc93917bf52f86e3f43561b2c1d8835454e3c511d126dc","verify","2","2","yes"
"162921c03a6ba7acf7e70867648e24b8b5d805f23346b8c99b3bb185a27630fc","vi","2","2","yes"
"09e71f9cf438b3461bebf5770f19efc870a1993df95fc7e8e2251c5ff1c8651c","vided","1","1","yes"
"d6e2f91d1f735a8311236174fcb876c388aaa9cf5e2434eaf6e6b00ead1878f2","vider","2","2","yes"
"de7cd5fe30156b5761d67f7953b0ed4bb414f1163c3176dcf3dcd08240056396","vides","1","1","yes"
"8dd6d8ff96b60e86fb67f75e293a7c35b72a225bb5362466287180dac6d285cb","vidual","4","4","yes"
"5b269b7da4254d8c5ff751c6545759cfb6071be557a64167f9cb2ad4e93c005e","viduals","1","1","yes"
"cfcf707261979544c64c0f3220c72c05deec007e05e8e786a8cae473b6a7c1ff","vii","1","1","yes"
"a1f260796fa39fafb6f825973cd54b3e5491e11f1c1aa9cf3377538acada2fec","viii","2","2","yes"
"de908dbd300acade89a7b2d7ccd76caf0787ebb04f897ee1fa73616e763c9a54","violated","1","1","yes"
"4e8c33ae8781ac82f484e15965554967f1d4c4bce70c946c94a6380221843c34","vised","1","1","yes"
"03bbd248ad06b8174d580b5d217d77cc92178c04f39a22bba075afa07537a5b2","vision","2","2","yes"
"4969bc52e0ff2cf2a6e8524e7cd6dfae4cdc26e39caaf56c2cad70468e42a08e","warrant","1","1","yes"
"0ed516041cc34b556a72d6f292aa7adbc4aa59582ff550b53029f87a3a7df17e","web","6","6","yes"
"c87eac0a4985544aaec0ef4d800affef97ac0aaf32d54870645d8f38f463d810","when","4","4","yes"
"fe50ce56bc6859a4a0d40fa78e9c00794bca1b808589401a149c7e7b2b40bb35","whenever","1","1","yes"
"f05c94e330a910dab0b052777f3db5a310b211a02fd8d34c358ac6e5a37dda6b","where","1","1","yes"
"d321905b65f229ebc0c742fbe8e307f1093488be5dc1355054958d486b8eaebd","whether","2","2","yes"
"425d9ce668609bac33d5a5f470c81e3a48d469853b3890e1816454df8960819b","which","11","11","yes"
"c6e5ee0df7470ce975a2ef9e2d445866a72a1dfa6375d312978b0eef49a0acd6","who","5","5","yes"
"597c837ecd8363acd73b04e0a5da6b221ac007a366e2cd307d81c9ed71b1b2a6","why","1","1","yes"
"2531c247ad14c5d0d58cf34fca2186b96f4cab5838151c95f9177c14b6585a14","will","6","6","yes"
"72b3b4f6c05e882686822ed34088c043d4d533c2536d2b8021b7572945431c40","withdrawn","1","1","yes"
"e337884d8042db18424a7e02672f58d08bb2f7da47522199d42558f8fbdd9e26","within","2","2","yes"
"10fcbd49a66cdcdfcf4e0da8031c668f1d87beb1dea282f72540d88abd637e1a","without","1","1","yes"
"de6a6bdd7d52452f5dad4aa0a6be6319386aa91a941335ba197bc387221cbd78","would","1","1","yes"
"8ec74bcff7b9de642331069b9973e04dd07dbf615192d0a4fd9747d68f0b7b05","writing","1","1","yes"
"fffc4fc7d91c6fd76d8dba65c10982040e2a840168bc675558476682101a1b1d","written","9","9","yes"
"469954a43abe1108a7819438fcde55fa8b2321866953940b135adbca32b8cd40","years","1","1","yes"
